102,220,225,95,179,61,234,203,92,3,98,243,14,149,245,46,106,244,99,187,71,212,153,199,188,174,65,153,20,44,203,152,102,214,240,39,121,24,34,114,210,65,239,39,214,244,151,25,74,145,222,14,202,85,145,117,87,184,189,221,116,237,109,85,99,172,226,153,103,235,146,36,151,62,68,181,130,160,160,166,149,6,69,5,52,253,112,14,1,3,76,248,87,233,212,184,235,245,26,213,157,253,68,240,37,219,91,54,129,9,51,0,191,20,140,46,187,147,1
254,20,153,243,46,160,68,19,158,203,209,226,77,57,77,149,156,21,112,86,134,252,24,207,1,235,242,147,110,88,107,231,5,48,254,141,74,218,161,87,134,58,100,162,156,254,73,93,102,169,222,181,35,255,71,242,11,219,253,201,74,187,10,72,249,207,227,201,93,14,231,150,59,189,0,193,116,189,251,49,23,174,74,1,201,189,139,78,158,50,210,29,51,107,7,233,97,54,222,164,131,243,4,181,251,63,123,168,151,248,197,125,119,130,44,228,11,228,13
37,220,50,15,136,155,134,162,40,174,20,120,167,43,72,235,83,115,166,56,167,16,17,85,101,3,131,41,234,242,88,34,52,241,59,169,51,247,13,168,51,144,241,32,243,206,249,167,170,98,8,43,251,77,89,93,22,4,52,10,1,25,129,219,27,59,83,229,41,175,91,216,179,61,110,213,173,112,187,91,234,174,198,229,61,31,171,189,40,156,252,233,195,126,7,67,76,213,174,175,205,8,34,160,97,44,205,56,201,232,80,140,28,100,163,103,63,66,49
6,167,46,103,15,155,169,131,93,95,193,1,76,204,79,253,3,215,108,133,45,35,133,53,170,59,53,105,52,245,139,3,207,84,145,53,159,82,47,220,37,4,8,190,178,54,248,145,249,159,215,217,26,111,198,43,22,35,115,161,0,131,240,201,144,40,101,189,103,19,229,227,131,57,237,13,249,15,153,94,127,46,186,47,243,255,235,14,45,152,83,199,113,167,22,205,157,8,146,214,238,43,50,251,100,85,133,248,3,148,11,189,94,15,246,39,217,72,83
212,94,51,216,207,90,128,99,236,94,80,191,81,33,119,69,110,67,41,138,52,36,40,212,23,83,53,150,153,47,84,91,216,248,26,247,251,82,235,71,187,152,102,155,123,33,238,138,236,225,167,70,40,156,19,36,156,148,216,75,14,200,92,205,44,239,78,42,64,192,21,19,88,191,0,4,70,159,164,252,8,10,100,108,87,213,177,197,128,244,22,101,235,7,223,50,135,10,34,75,215,229,105,1,62,188,154,3,138,20,194,208,242,85,231,50,80,154,244
180,135,129,26,182,162,54,160,186,162,241,72,202,32,249,113,197,122,49,32,155,4,151,244,18,233,13,34,237,230,104,196,91,249,251,172,166,40,152,169,29,27,204,58,234,134,88,244,220,200,32,156,217,71,119,144,159,11,51,15,115,161,187,181,84,32,204,108,24,47,92,69,16,246,241,237,94,150,137,156,79,61,46,57,171,215,54,63,83,36,227,121,170,98,120,199,186,171,74,95,151,103,247,54,163,213,42,84,70,218,95,32,227,34,166,173,143,192,19
227,120,226,126,7,98,100,186,157,30,174,31,194,248,205,53,151,182,130,106,82,217,0,207,194,194,4,68,195,184,217,220,175,143,246,129,105,60,254,26,94,197,141,177,141,65,102,99,105,126,26,219,89,10,136,209,209,133,206,0,238,181,14,84,115,109,89,87,99,28,41,222,129,6,123,91,120,112,204,197,158,27,178,222,163,51,62,190,11,8,95,195,80,229,230,202,235,162,240,220,177,121,51,162,121,80,252,211,50,144,95,176,49,130,131,87,13,178,221
70,86,232,228,57,171,35,150,157,209,63,230,24,187,154,236,218,14,105,142,6,51,138,170,204,107,193,28,210,251,51,35,132,146,58,12,218,94,241,159,244,180,19,70,63,79,153,186,38,45,74,242,108,221,177,85,204,69,41,27,87,102,225,65,170,0,238,169,170,213,159,44,250,224,206,61,166,174,75,184,191,38,162,244,171,1,27,133,10,24,223,27,115,223,116,27,116,189,205,107,182,235,55,43,14,195,47,83,101,160,106,29,191,126,228,189,167,30,226
74,85,18,138,127,70,8,83,249,101,180,206,246,39,65,31,91,61,102,229,216,85,54,91,230,172,104,81,189,232,37,232,224,92,44,28,128,117,170,69,120,245,89,58,26,5,207,165,189,239,86,109,120,26,34,0,115,106,105,209,204,243,65,90,232,214,88,220,2,37,6,78,102,157,199,1,197,226,38,42,199,85,192,130,154,21,186,136,136,114,219,106,61,209,29,124,164,14,220,56,224,124,67,177,50,127,175,30,233,52,248,68,171,242,109,86,151,2,127
62,206,135,98,241,58,31,21,43,117,109,189,82,159,238,0,56,95,118,207,132,215,197,223,142,232,12,249,179,179,206,97,103,112,212,22,93,61,199,156,16,240,181,198,248,185,153,0,65,51,242,98,246,11,69,51,63,253,205,116,64,38,255,64,178,129,173,75,127,130,93,87,182,112,92,6,77,100,6,233,37,112,78,235,72,183,235,107,255,80,108,113,9,186,194,75,68,112,104,12,156,1,112,3,250,129,146,175,128,219,184,57,105,53,182,45,13,86,3
118,8,228,95,85,71,223,150,86,88,224,28,132,232,128,217,100,162,146,237,83,61,125,182,66,174,129,212,23,37,52,84,235,135,171,198,76,125,217,234,161,114,159,150,83,252,197,102,138,141,159,85,247,61,246,248,186,151,67,19,17,172,182,205,178,20,202,128,249,194,183,172,161,94,122,208,213,60,144,49,254,61,254,98,108,186,37,145,154,205,23,9,39,94,68,159,101,120,115,203,222,161,97,158,193,251,197,0,47,162,213,91,25,102,138,135,40,137,254
173,1,209,239,58,29,23,143,88,96,204,96,98,214,213,200,108,149,38,123,164,30,82,186,80,25,130,69,173,191,47,207,201,32,178,92,61,112,10,2,103,189,219,147,194,68,151,251,10,114,83,186,219,116,173,163,183,97,56,146,25,63,4,89,229,13,182,194,135,24,131,254,117,59,207,146,160,251,57,147,44,66,89,95,11,42,165,198,6,159,24,51,71,163,44,232,33,198,240,160,75,225,176,167,71,199,101,127,22,1,99,38,90,139,132,81,137,205,239
103,43,116,214,128,146,52,35,10,7,250,172,219,31,80,87,184,31,55,188,216,153,12,29,177,183,133,53,150,184,184,236,158,85,156,138,221,79,153,224,41,237,30,178,98,118,8,66,6,65,130,58,251,182,244,168,143,216,201,44,89,121,53,209,111,98,111,251,248,163,33,142,243,63,66,132,59,46,151,135,112,179,197,66,1,8,234,61,128,123,10,255,47,149,213,23,253,184,37,247,139,238,175,229,196,81,236,142,36,204,129,230,159,116,244,225,250,239,18
162,246,27,79,48,8,168,202,86,232,28,100,71,98,204,101,89,146,166,74,179,47,59,216,185,207,200,190,216,130,4,169,229,147,17,56,219,151,24,24,227,53,216,141,103,119,236,165,199,160,230,68,227,151,47,92,164,115,114,214,217,74,50,138,21,112,198,133,239,199,127,96,41,163,21,12,201,165,165,7,230,103,208,66,171,83,239,62,155,253,224,167,148,226,188,90,2,111,236,77,95,253,9,250,25,216,149,172,240,98,64,219,169,152,8,66,249,92,183
75,1,145,11,175,72,127,183,42,41,109,83,44,78,81,209,121,140,193,46,81,124,53,11,32,177,162,236,203,114,207,238,230,166,188,195,148,254,168,182,105,57,227,111,9,45,160,96,81,182,67,150,160,4,32,91,188,60,141,209,111,126,20,101,77,83,47,83,199,45,147,15,26,191,247,229,208,93,127,87,78,166,135,245,129,190,134,180,102,217,194,132,143,184,144,81,89,168,127,18,221,78,32,172,124,145,175,234,227,138,203,17,251,23,186,163,65,130,114
159,34,94,213,177,230,162,118,77,228,67,21,68,30,64,237,26,118,62,157,198,1,151,37,56,23,249,229,184,152,250,108,13,162,100,50,34,155,124,181,41,93,228,7,23,246,231,26,77,146,161,26,120,52,111,225,192,120,203,20,189,158,89,29,211,172,128,96,126,37,165,27,249,175,147,110,155,62,171,191,163,21,126,224,21,58,221,196,113,251,49,251,107,237,58,60,159,242,184,47,35,203,127,146,178,224,71,3,222,110,146,34,146,57,6,191,244,191,196
48,172,61,165,255,157,41,11,16,32,87,45,171,220,154,254,219,228,193,240,157,72,78,120,220,169,52,244,45,68,145,71,116,141,52,234,5,170,44,226,98,184,194,94,123,127,106,191,232,246,244,3,36,132,252,243,23,73,166,237,92,13,172,84,240,121,157,109,45,1,130,141,180,176,118,247,94,194,129,146,98,204,175,246,187,2,247,250,224,211,94,218,115,228,73,19,190,0,97,75,252,40,66,78,212,195,149,98,159,139,223,48,214,23,228,217,160,196,186
68,255,204,33,81,66,77,59,124,127,224,99,43,17,104,104,95,24,135,138,142,233,127,10,101,222,214,167,239,53,90,30,216,57,2,47,178,66,149,21,238,103,135,239,145,173,202,6,18,23,143,224,24,113,178,123,53,31,29,113,157,174,15,208,171,85,43,116,253,150,70,208,91,193,139,220,35,126,222,16,65,154,64,177,132,233,41,152,75,129,133,155,224,217,175,146,82,16,3,163,189,103,108,66,217,160,159,111,178,136,157,249,34,42,255,213,179,245,48
123,181,175,156,7,92,38,156,133,141,220,213,40,75,169,22,232,75,246,74,50,207,25,194,118,107,98,151,99,207,49,199,150,65,152,115,248,221,151,41,140,156,12,34,202,233,59,91,227,20,249,85,231,130,134,203,83,1,56,95,99,128,35,176,189,160,172,18,93,204,19,240,187,49,64,9,100,166,7,47,41,18,255,25,180,179,237,159,147,101,143,17,185,203,141,42,255,12,203,99,215,227,114,87,249,226,214,217,134,86,142,228,17,7,91,52,38,96,97
125,48,148,65,51,15,24,31,215,63,112,214,42,10,148,190,231,9,172,85,131,51,9,50,208,1,84,152,110,49,119,185,206,176,39,62,194,234,138,189,236,89,251,124,196,90,73,149,88,196,214,57,217,64,151,57,122,67,220,85,221,206,7,48,121,16,64,179,166,143,9,169,18,241,9,69,243,149,210,14,207,162,77,53,116,53,92,234,59,126,137,187,9,135,32,100,106,159,83,224,187,177,133,7,57,239,211,52,76,30,197,59,214,131,69,235,11,64,55
107,190,26,247,4,192,117,159,102,84,15,117,195,84,217,21,5,211,142,215,108,3,59,13,223,227,194,49,115,219,6,136,93,125,78,105,46,16,103,138,98,59,19,179,54,155,46,163,167,27,107,35,51,31,225,185,143,154,251,33,12,113,209,249,113,145,51,248,123,66,44,132,105,180,239,182,157,70,173,82,146,102,131,10,144,82,145,203,119,32,25,102,62,67,85,69,18,55,251,110,91,110,96,112,57,148,121,190,182,183,21,20,89,101,56,64,228,98,125
6,217,125,48,47,116,32,112,246,61,23,180,20,22,203,2,214,126,4,166,109,136,93,43,178,139,135,65,176,244,35,177,104,128,198,229,14,57,4,93,44,121,114,75,234,0,66,12,40,238,254,61,113,33,235,15,64,95,180,98,61,125,30,154,140,117,20,8,24,47,194,239,182,88,78,208,46,231,177,2,169,236,220,66,239,116,191,169,71,128,179,101,163,15,13,114,244,188,52,70,132,230,207,230,188,191,114,56,168,190,37,234,141,68,66,136,111,21,187
153,156,92,219,227,186,246,232,106,107,194,31,55,12,75,76,107,63,153,208,231,144,143,6,33,91,178,13,157,40,228,51,2,194,85,28,195,30,184,74,175,3,28,109,133,87,205,239,182,29,219,36,128,23,68,212,198,11,46,172,26,24,240,51,109,10,93,200,184,79,237,118,255,218,189,51,193,250,243,235,34,180,196,113,226,44,203,116,99,121,143,171,100,4,217,168,11,25,217,217,107,195,175,137,218,125,84,217,145,206,38,114,53,121,99,102,167,88,32
245,86,44,253,220,244,118,221,230,16,111,100,145,87,166,22,104,4,102,249,150,77,12,9,90,168,157,245,54,251,242,68,127,149,162,99,124,253,226,33,11,153,11,179,236,201,66,222,156,230,95,137,255,234,3,249,90,56,160,146,174,245,238,185,137,205,128,95,38,68,128,0,235,66,219,247,163,20,138,68,37,160,168,236,63,24,175,3,18,182,41,15,108,168,157,23,203,16,18,79,225,162,241,246,150,117,164,1,121,186,241,240,113,201,6,219,191,0,222
127,99,245,149,159,88,235,162,218,237,178,240,83,3,11,205,151,70,82,147,139,231,90,173,177,26,95,99,162,46,200,146,123,137,174,164,32,102,229,32,160,15,80,117,188,19,171,207,178,138,173,139,170,109,21,210,100,214,3,241,11,149,61,160,66,159,215,98,64,126,7,210,160,149,16,246,167,180,199,166,73,15,197,231,42,68,233,52,43,94,31,50,28,81,34,70,140,169,193,17,11,80,239,54,94,150,204,25,45,13,148,96,129,47,170,4,252,124,249
9,242,105,45,24,241,226,69,158,34,136,217,174,214,106,40,86,80,107,57,18,89,112,221,167,7,99,168,81,92,90,169,98,153,191,73,216,201,59,126,174,89,38,245,5,253,43,51,87,161,1,129,208,114,224,188,66,104,162,39,72,134,79,252,126,195,12,64,30,57,67,97,177,244,93,93,178,113,150,44,89,236,101,2,161,74,44,200,239,156,1,162,224,119,29,8,10,163,157,45,188,216,130,254,106,20,237,176,205,252,91,179,247,248,106,51,72,163,226
71,140,137,173,108,45,100,151,104,108,200,73,40,192,151,139,138,145,191,184,140,206,226,202,111,147,176,190,145,253,98,68,77,187,239,79,161,105,35,70,176,32,209,147,60,95,240,19,1,64,230,255,194,198,95,136,158,148,151,230,62,87,150,90,251,221,189,28,70,238,223,126,214,143,36,240,192,219,11,175,20,61,112,141,210,109,182,78,10,174,12,22,57,192,22,169,106,189,216,184,41,193,98,11,253,60,104,83,102,26,29,215,178,96,16,181,13,231,112
175,201,136,61,56,88,129,83,162,30,127,111,183,146,211,216,2,190,99,85,197,238,81,140,209,49,76,186,2,65,229,18,156,152,25,176,184,162,99,99,54,177,13,139,65,198,2,188,249,98,245,232,28,199,231,146,95,222,216,75,144,94,23,8,17,219,90,198,137,190,81,27,231,240,244,205,66,55,243,222,202,64,173,127,253,90,243,51,126,134,123,82,211,204,146,249,237,54,126,110,21,192,161,143,32,82,21,116,83,205,114,68,236,121,23,98,220,15,75
139,145,57,154,24,92,35,84,179,123,191,141,122,43,42,172,212,85,117,54,227,157,155,192,52,206,57,242,150,236,164,202,143,4,3,200,56,106,36,202,38,4,12,29,108,72,89,23,180,94,81,238,41,84,146,126,185,84,104,249,166,43,188,14,141,89,245,254,222,236,173,140,121,146,77,14,132,36,8,113,162,92,174,188,214,148,64,227,220,34,193,139,234,144,213,89,74,95,177,180,145,26,248,29,238,146,249,247,75,26,155,36,8,188,34,176,73,92,242
194,185,67,67,214,235,137,67,158,144,27,235,221,252,44,227,25,229,172,166,214,6,6,136,21,173,84,20,109,140,182,114,179,167,196,250,56,169,152,160,18,136,245,138,101,177,107,101,210,26,91,83,228,121,74,204,180,193,228,135,37,4,70,211,20,28,88,105,131,164,236,183,21,165,213,180,59,82,105,148,252,135,110,208,148,239,53,208,95,108,165,246,220,64,103,226,94,85,69,95,225,243,161,19,208,144,102,151,60,254,225,126,242,70,157,94,232,216,144
106,252,44,5,134,151,131,100,221,192,35,231,167,89,69,140,82,96,251,92,75,181,158,77,96,21,18,135,78,123,188,25,243,198,107,203,195,96,181,148,243,142,166,104,128,180,90,208,153,108,201,98,172,63,89,215,6,232,18,110,139,84,38,112,119,28,125,60,56,111,194,173,28,126,172,80,241,64,140,18,232,2,241,82,187,103,219,36,250,119,125,14,76,146,57,228,105,14,147,118,176,189,219,217,106,30,199,225,102,196,60,51,22,30,126,99,162,210,104
165,50,166,166,167,132,190,0,204,252,190,130,153,88,174,204,167,87,149,91,57,205,60,189,240,80,246,248,1,117,102,190,132,247,95,251,133,75,122,112,109,36,73,152,93,56,21,55,131,92,222,160,67,67,135,165,147,61,57,116,180,179,111,133,192,149,246,57,8,87,205,43,142,28,3,172,178,87,250,159,250,73,248,172,88,86,142,60,135,12,11,46,147,155,82,148,244,33,228,79,80,28,11,117,107,23,135,212,108,181,236,202,240,50,254,251,42,75,235
228,84,228,18,163,246,195,64,226,100,201,141,146,118,6,178,19,54,36,248,184,173,79,19,145,189,233,133,46,24,141,42,232,68,32,161,48,205,128,55,13,150,28,178,142,244,99,75,158,205,92,116,0,206,238,254,116,165,167,160,53,174,105,178,117,159,149,149,2,13,91,98,143,74,178,230,214,161,178,188,184,95,162,11,202,27,78,234,11,52,237,71,73,133,109,245,223,42,78,243,15,43,208,14,199,83,232,227,101,97,255,100,203,235,165,116,151,93,84
27,155,2,193,158,116,209,237,85,7,116,2,71,121,36,112,43,91,181,40,48,163,218,151,165,89,240,180,118,135,142,101,99,185,74,117,90,59,157,185,58,177,124,106,149,27,130,20,68,219,106,230,19,100,147,63,92,40,240,113,249,227,18,140,66,191,78,120,252,154,151,7,116,245,185,186,178,190,219,69,8,144,156,61,137,200,148,158,71,160,51,61,79,244,215,68,105,211,222,84,208,204,233,79,154,219,138,74,175,239,122,93,69,156,67,161,41,140,107
24,34,45,134,50,233,34,222,129,19,252,204,145,210,133,177,198,240,81,22,38,243,114,219,168,106,255,192,200,185,196,18,199,148,46,199,8,157,152,39,79,235,193,249,17,107,9,0,47,21,55,75,199,238,29,227,108,224,241,92,182,221,250,220,52,141,108,115,147,11,4,148,50,42,118,252,191,6,247,3,72,105,32,231,95,96,117,241,16,199,64,108,128,207,145,136,249,122,223,32,190,252,238,180,59,252,176,184,129,38,10,247,113,96,84,243,24,152,25
93,228,191,62,16,130,97,216,244,154,100,85,79,76,248,58,27,68,212,26,27,149,215,176,82,175,145,204,181,156,214,160,79,66,16,97,70,252,119,104,40,109,9,98,156,49,106,254,33,68,34,128,1,254,69,148,1,128,3,239,159,110,14,54,187,74,19,5,114,94,221,219,49,20,177,208,71,26,208,196,234,202,136,94,127,237,255,132,38,250,191,101,151,35,255,2,59,197,233,180,197,48,142,22,92,204,149,228,91,220,196,52,14,227,185,164,42,220,241
201,18,208,193,201,125,130,217,82,208,186,96,144,52,82,63,84,188,183,61,77,220,86,115,200,217,125,52,109,151,16,33,0,136,94,64,50,176,60,244,172,210,84,70,204,66,46,155,3,223,12,53,189,85,136,58,192,17,211,224,112,147,244,171,231,177,202,193,31,167,61,158,33,104,1,12,91,141,176,91,94,184,199,68,71,28,18,29,38,230,173,5,153,56,236,171,249,192,135,127,161,226,50,133,181,241,232,121,117,168,182,197,2,195,212,212,122,111,41
133,49,125,202,78,11,145,40,218,192,167,254,208,53,196,73,141,235,32,205,247,132,161,153,143,221,235,161,22,221,94,108,224,250,146,180,202,56,167,74,103,144,89,7,151,111,210,78,34,254,74,228,122,46,77,94,7,150,59,168,107,206,172,80,193,228,4,224,200,84,155,204,158,141,47,173,163,65,146,62,180,74,104,23,206,178,209,132,54,102,232,52,231,165,61,233,34,191,254,4,158,251,50,185,3,225,154,255,250,37,27,192,89,49,165,171,155,97,216
4,151,81,31,251,162,29,27,106,100,78,101,8,142,90,91,254,111,178,233,75,23,190,241,118,231,225,39,245,185,51,69,39,89,248,112,37,140,165,208,148,131,224,221,110,115,215,123,157,200,78,165,20,233,251,211,131,101,29,18,71,76,246,18,65,159,105,204,10,134,50,222,195,220,80,168,152,178,132,200,19,243,28,147,229,203,131,155,166,37,137,192,151,117,183,216,52,237,144,77,147,215,73,85,251,125,16,203,215,196,251,77,28,66,83,215,244,16,215
235,137,117,68,144,189,11,33,106,227,250,5,31,237,158,52,56,28,126,193,21,240,88,204,16,41,84,125,152,137,53,234,142,38,162,42,240,99,148,239,46,122,61,202,175,112,87,114,199,107,19,110,24,138,137,248,66,254,32,150,94,202,117,182,156,199,32,79,59,179,149,94,24,227,38,202,23,122,102,117,45,138,35,143,87,154,178,7,94,16,164,131,227,24,46,103,177,143,46,131,235,77,178,183,166,125,88,24,161,98,105,194,236,147,229,95,71,211,223
194,140,85,121,154,130,230,131,92,16,229,170,159,194,29,249,177,39,29,44,60,112,24,154,121,218,57,49,50,44,78,57,146,93,118,10,20,223,96,210,4,84,63,43,209,85,87,88,91,178,81,71,169,146,253,88,60,143,80,45,21,90,36,8,148,53,181,22,69,155,120,140,0,254,225,30,132,250,207,136,232,152,245,117,11,66,34,91,89,73,210,52,45,108,235,228,33,202,64,93,176,167,245,32,77,244,223,128,217,102,129,84,44,183,189,176,154,63,83
82,72,92,16,10,25,91,160,23,248,40,166,204,46,88,44,123,120,20,190,160,213,168,18,176,238,40,238,20,55,244,251,130,93,217,162,223,106,176,47,40,62,75,190,235,47,208,149,96,60,206,162,15,80,17,170,0,25,116,225,70,35,251,72,222,0,53,99,206,7,232,162,21,112,242,141,191,98,55,231,152,252,196,60,47,179,86,123,252,206,234,151,53,46,1,94,137,126,66,215,94,55,0,142,236,213,178,9,124,13,34,114,60,217,241,69,158,27,112
140,194,214,31,113,94,77,8,1,136,215,172,104,118,129,189,115,184,108,65,90,191,153,154,245,15,13,18,100,9,186,58,210,37,55,181,159,64,114,243,19,34,6,20,158,182,2,20,234,175,110,70,44,229,150,67,45,216,237,74,253,130,106,217,230,191,238,150,56,136,251,5,205,7,236,159,111,27,17,205,1,222,249,157,137,114,37,91,169,90,226,154,89,136,114,135,172,101,14,140,18,62,191,180,216,26,216,31,237,68,118,150,198,188,228,177,149,96,27
40,170,46,201,98,35,5,38,4,96,144,184,199,115,82,16,197,56,215,230,116,33,54,85,24,214,22,217,221,214,83,125,192,11,137,43,187,168,30,24,18,180,59,144,152,249,227,12,14,202,87,211,172,245,151,24,24,86,121,67,166,217,173,137,29,232,90,66,32,7,202,232,64,25,166,108,232,153,127,145,228,197,122,110,104,64,22,227,24,142,149,110,208,127,137,213,101,160,188,33,56,59,150,110,50,200,142,7,31,213,190,167,47,39,150,112,61,129,110
235,90,128,144,82,26,169,32,41,62,247,96,168,137,165,72,100,234,98,86,5,246,242,92,179,74,79,230,25,213,90,165,63,189,136,155,225,134,30,146,186,237,141,62,183,39,41,91,58,41,141,127,108,67,140,252,197,183,145,84,228,14,20,155,120,109,6,239,32,229,186,60,180,197,237,1,149,106,14,26,20,105,175,57,197,198,33,39,69,6,136,93,246,21,247,62,111,26,225,124,3,106,34,41,93,45,207,217,74,219,194,47,189,205,127,22,61,255,251
72,93,41,77,206,94,54,98,44,151,78,63,14,54,107,146,229,136,228,161,215,246,50,138,20,130,251,55,13,242,96,70,134,30,138,171,4,39,196,15,105,228,16,108,178,35,42,125,251,151,35,76,255,222,148,174,28,5,64,136,229,65,221,217,101,211,161,116,147,219,54,47,248,74,112,218,234,3,224,145,221,78,87,91,1,133,162,43,209,117,0,158,249,112,235,5,66,93,182,161,125,247,73,191,43,229,183,15,185,178,51,44,171,61,250,35,210,184,149
235,237,193,208,236,183,78,3,136,142,202,42,248,136,135,53,85,146,25,188,3,122,178,181,172,71,172,88,173,214,43,125,253,196,132,246,127,52,69,25,226,47,153,117,206,247,117,164,220,82,67,251,0,182,18,103,233,108,211,226,18,51,224,192,242,129,19,178,122,188,112,144,14,62,139,152,163,135,46,242,101,29,0,8,13,181,89,152,81,156,141,50,141,196,63,177,227,73,37,166,88,22,36,7,204,148,125,7,144,129,138,80,132,39,254,125,152,238,99
255,43,123,76,155,21,82,234,199,87,136,2,185,8,152,160,78,68,13,133,227,133,94,177,178,43,86,247,231,74,116,9,0,105,34,4,65,113,140,150,87,57,16,137,38,134,140,171,8,110,253,129,155,164,51,12,200,133,82,167,20,64,175,129,238,83,207,83,134,126,22,64,33,48,65,62,5,138,35,100,246,118,174,72,169,177,0,16,75,158,194,8,203,223,29,202,199,123,152,142,107,33,121,151,55,185,120,37,126,41,155,246,103,110,105,162,141,86,203
93,110,79,89,94,164,80,27,48,159,245,237,68,70,201,217,61,121,163,212,187,47,248,190,235,0,12,247,177,167,148,104,77,241,209,31,116,7,213,238,119,33,26,187,202,141,173,253,136,20,55,240,161,255,122,52,75,74,101,46,226,31,21,97,34,230,5,17,0,202,43,237,39,21,186,189,63,141,186,184,149,171,16,147,59,238,79,12,63,23,130,215,92,85,17,200,71,31,200,35,10,239,243,211,104,163,150,203,228,228,32,192,13,217,157,51,59,119,174
204,29,91,229,41,34,229,59,211,212,82,13,42,164,60,184,47,4,248,135,208,82,75,86,60,122,93,74,170,77,0,62,162,153,157,231,133,61,234,105,232,131,80,220,91,88,66,242,80,236,54,144,224,41,68,155,150,88,72,119,100,145,233,215,174,39,169,12,209,71,231,178,115,38,37,107,112,103,114,186,182,13,110,127,96,31,155,80,230,178,46,114,118,124,30,197,159,165,25,39,77,96,23,47,138,22,84,99,191,62,146,81,112,142,72,178,128,224,35
214,147,152,74,114,59,144,8,249,90,224,132,74,230,238,43,56,100,246,177,70,98,193,207,39,136,205,71,38,139,52,243,13,17,103,142,14,232,103,104,161,58,178,15,206,159,38,44,248,138,178,7,237,29,197,160,120,110,133,214,152,240,66,106,51,85,134,121,177,160,178,68,5,187,199,95,188,85,41,122,151,177,191,85,167,35,243,221,174,42,14,60,69,203,110,214,237,224,156,22,189,158,32,21,212,126,243,231,144,136,221,97,208,189,230,36,214,228,154
3,186,146,163,129,225,201,156,200,104,255,37,42,212,38,184,125,157,192,96,4,205,79,252,171,252,180,228,251,156,63,154,125,80,199,182,67,115,190,32,9,164,36,253,148,149,8,195,8,93,52,85,74,228,145,65,231,204,182,9,126,48,195,4,146,117,126,122,182,115,224,73,199,47,193,96,171,146,87,117,180,88,26,37,235,61,210,140,215,86,137,158,92,82,28,46,115,250,96,227,24,177,216,108,247,253,116,215,24,163,32,179,251,156,154,183,158,180,101
14,248,149,128,156,140,27,204,135,78,52,138,4,253,96,38,156,236,129,124,46,56,176,58,67,73,177,104,75,139,229,184,172,14,154,197,129,80,84,184,154,189,31,3,94,64,34,164,114,138,51,153,242,154,166,177,163,39,197,144,35,253,239,138,25,131,87,183,42,231,117,64,26,253,89,153,68,136,127,88,147,22,169,211,10,48,125,46,253,236,133,245,73,55,144,232,103,171,175,87,37,42,89,149,133,172,51,58,199,50,158,102,22,216,112,108,46,3,70
118,89,193,181,73,45,41,129,242,106,97,109,157,139,9,66,39,217,40,111,233,140,40,19,150,103,30,157,35,189,235,129,129,209,172,205,25,216,67,136,156,224,59,138,65,110,222,162,4,103,102,225,185,59,131,67,223,170,106,204,151,203,77,159,238,235,155,42,26,99,145,172,144,239,59,51,235,67,181,87,178,132,252,66,202,119,235,40,236,36,207,228,5,71,151,13,181,126,0,192,166,105,204,12,39,240,107,112,197,91,162,135,147,30,255,218,95,121,173
81,155,136,215,164,17,245,211,147,108,50,80,203,19,28,156,135,188,205,237,175,26,39,173,50,239,40,13,39,215,213,14,242,236,10,187,34,233,150,53,106,115,0,135,112,31,45,43,253,28,100,86,100,60,148,141,30,252,89,141,95,42,109,6,194,214,163,185,178,47,181,228,233,31,214,203,101,214,56,75,188,235,0,140,7,85,62,135,177,222,181,207,186,79,54,146,210,132,114,153,54,58,167,211,93,151,142,247,158,155,148,10,37,102,174,45,26,97,200
219,4,14,52,37,135,190,136,124,207,85,201,224,160,52,179,205,135,205,56,153,172,201,116,144,47,1,153,126,141,154,168,51,96,85,34,159,64,29,62,98,238,101,243,248,28,106,24,194,146,137,89,134,15,221,74,168,123,235,37,31,71,236,129,33,170,88,134,31,56,119,209,236,209,88,218,33,24,123,161,225,204,188,90,217,31,235,16,142,196,115,127,26,74,150,170,179,127,57,186,163,104,8,107,19,211,115,250,242,169,233,178,52,15,36,181,196,139,63
151,178,39,45,24,176,223,147,198,7,149,127,179,20,95,42,197,178,62,107,244,77,172,8,87,87,51,234,160,180,188,79,176,216,197,92,28,145,206,199,62,112,161,148,234,243,15,71,149,18,220,161,153,74,88,56,155,40,90,3,113,63,114,54,212,149,221,169,48,108,226,131,198,195,147,45,80,19,189,249,83,180,8,246,104,77,128,117,176,194,14,38,147,144,171,142,117,206,36,106,85,97,82,220,219,121,217,21,62,84,250,136,188,38,51,255,103,245,56
47,48,218,143,128,70,81,178,76,0,39,107,152,223,6,88,79,140,236,43,17,221,163,182,101,214,104,253,191,178,9,66,109,122,95,188,53,183,131,190,204,210,226,230,229,61,109,113,89,31,8,132,52,157,10,222,119,28,233,208,48,48,109,254,159,172,81,91,9,220,165,178,96,29,97,217,120,143,28,41,214,167,109,153,144,18,92,99,150,17,72,210,16,0,131,70,75,77,250,136,198,114,149,204,182,174,188,10,116,241,235,19,135,193,112,62,134,245,25
210,136,219,211,213,112,112,148,40,123,113,104,152,102,221,44,60,127,165,150,68,143,178,99,238,195,62,211,189,39,131,254,92,26,128,215,146,46,7,205,152,85,156,251,157,220,54,48,84,19,102,159,52,242,130,190,212,192,31,51,145,95,9,147,181,69,201,133,79,69,210,255,189,229,109,39,221,164,161,216,205,134,123,205,162,104,224,239,253,204,86,184,127,6,54,64,155,250,219,157,249,39,31,103,252,214,177,244,73,183,134,77,243,221,92,61,175,168,7
172,113,104,64,195,239,6,56,177,61,141,246,42,211,56,66,215,254,64,215,183,39,59,214,119,52,50,186,41,1,172,254,246,104,129,252,191,11,5,71,33,85,152,53,220,166,26,248,122,218,86,238,76,199,204,228,12,199,145,66,26,181,45,50,156,48,227,96,94,26,167,91,78,133,142,238,139,249,60,7,53,135,184,161,253,116,25,34,31,41,206,95,136,64,62,87,84,29,253,77,124,230,184,31,37,107,154,119,236,14,219,45,187,141,206,234,73,137,212
143,47,112,246,195,209,173,101,243,213,196,241,164,160,7,171,181,240,29,36,212,217,121,52,141,83,9,104,222,186,11,75,54,3,241,82,175,67,118,229,209,183,64,22,6,24,84,3,73,17,28,162,6,227,227,21,160,62,100,188,150,8,56,53,84,236,30,217,146,208,202,6,111,78,110,31,124,141,114,46,146,163,94,224,35,54,66,149,28,197,150,164,187,122,226,107,81,208,53,180,1,34,134,228,128,167,30,233,46,251,67,209,196,90,240,159,147,87,129
87,10,78,251,85,233,146,105,66,254,59,58,211,129,133,51,97,194,114,241,92,214,145,29,151,118,44,195,8,139,209,159,68,19,198,165,212,4,57,200,159,36,131,94,88,165,51,207,104,255,4,26,198,221,246,82,141,136,179,221,92,225,252,165,111,52,244,110,220,171,27,98,75,98,215,49,56,243,213,205,242,249,237,123,249,85,171,123,195,107,69,158,199,23,117,222,35,80,178,62,29,201,234,83,222,157,188,214,144,119,74,200,124,58,8,65,252,237,95
1,229,214,190,151,120,127,80,195,204,223,146,158,46,208,202,218,108,113,111,26,124,114,140,192,5,208,108,48,131,13,10,200,68,8,50,223,189,39,138,168,138,193,143,231,178,236,160,43,162,24,133,13,103,102,237,4,66,200,92,208,55,245,214,172,35,21,69,34,165,234,252,189,213,237,201,244,107,3,200,1,252,153,218,220,33,185,161,147,134,28,232,139,230,108,44,243,43,97,234,243,176,214,238,181,69,36,35,229,174,74,64,181,4,69,219,148,210,145
124,15,234,127,232,151,135,84,239,36,30,41,104,167,208,99,149,150,147,40,224,130,127,165,123,40,70,33,104,50,17,16,156,222,141,164,86,190,103,152,124,195,166,229,219,89,127,121,245,105,212,75,50,95,184,86,6,216,52,116,190,72,27,105,159,208,2,85,65,216,35,212,239,10,35,26,200,128,67,56,159,103,230,30,61,57,68,133,66,183,223,218,114,112,187,167,16,240,152,97,226,47,64,11,121,187,153,236,182,18,162,248,215,63,170,52,187,136,126
198,33,229,44,137,107,195,146,172,230,22,234,144,45,142,214,153,139,52,107,212,139,133,103,219,93,21,98,189,114,90,197,121,202,215,132,45,142,10,108,63,246,5,12,129,80,151,90,251,139,145,42,53,151,104,245,106,197,239,188,192,238,50,47,50,75,50,21,180,82,32,23,35,45,104,154,114,85,95,197,25,51,207,62,28,208,120,17,148,224,168,99,10,207,74,214,39,213,231,73,10,232,235,111,255,93,13,91,163,26,95,234,112,100,19,184,186,96,182
184,38,43,16,76,231,122,67,156,226,228,255,144,53,197,5,243,97,112,222,121,54,208,138,101,110,90,230,169,151,10,63,244,245,18,212,239,149,113,143,34,68,216,137,187,55,93,215,123,32,85,6,55,249,230,24,69,35,158,251,7,238,34,51,138,147,188,35,67,210,189,121,41,226,6,87,152,243,124,110,215,234,61,42,13,80,47,174,216,189,219,17,127,250,93,138,244,108,177,202,152,234,151,152,39,225,1,145,85,200,184,146,159,153,128,90,197,193,157
103,121,244,5,74,27,72,136,41,88,200,58,60,19,39,137,254,89,16,148,106,186,128,214,172,105,216,132,216,126,60,0,118,180,170,35,59,176,103,70,41,153,41,216,80,111,24,176,173,117,38,52,20,63,34,95,112,19,130,176,176,209,241,109,232,19,228,132,166,204,107,80,153,0,171,160,215,177,178,37,187,247,221,77,171,69,101,80,88,1,97,91,25,151,11,90,100,26,18,201,104,92,100,102,137,80,43,236,113,23,186,191,179,206,250,15,213,234,48
27,76,246,188,139,6,35,16,84,62,202,73,193,66,243,56,142,200,176,54,111,45,114,240,245,115,133,46,223,100,47,11,80,50,22,61,5,186,138,79,174,74,245,215,96,121,223,82,1,38,194,7,23,115,187,222,47,146,163,148,202,122,206,80,44,80,194,214,6,166,168,228,213,94,185,117,9,57,177,207,155,33,163,197,226,100,217,199,20,7,251,24,62,234,63,209,217,66,231,88,244,74,125,11,213,139,165,142,46,161,56,58,238,115,177,153,207,215,252
232,97,53,13,108,223,173,241,25,182,127,171,46,224,23,10,31,109,78,11,9,147,160,180,15,116,152,150,198,18,221,236,144,161,213,255,150,47,58,46,25,87,73,142,212,219,100,145,85,76,36,121,249,112,93,234,134,65,23,80,13,175,176,8,78,145,218,30,116,34,138,178,6,94,36,187,136,16,31,76,114,43,78,49,175,58,165,236,71,31,131,29,241,69,151,248,58,163,248,107,214,114,187,241,220,133,155,203,81,26,102,121,222,140,188,190,221,211,174
220,115,201,12,14,166,99,52,216,226,75,132,116,145,145,176,81,186,69,190,133,233,205,51,212,102,2,1,165,16,85,121,9,13,94,113,166,158,36,165,152,151,204,92,93,226,219,225,58,107,138,136,143,187,120,221,30,44,223,38,123,97,52,179,19,130,64,143,226,36,251,63,178,170,116,191,135,167,11,2,87,217,123,231,112,182,80,138,185,214,91,140,103,107,49,187,16,38,160,138,146,14,222,182,80,119,111,209,205,240,25,28,138,3,174,212,137,92,213
108,202,213,59,98,169,152,195,153,81,140,29,228,188,209,106,58,160,160,188,41,133,15,112,207,226,236,225,67,109,169,53,169,157,107,36,109,224,125,59,163,59,193,173,225,106,54,33,63,6,226,226,65,118,169,204,190,222,33,2,135,253,157,233,113,5,250,144,15,0,246,114,236,223,12,39,123,47,140,108,104,135,17,117,75,98,159,189,102,240,95,54,190,238,226,14,125,204,122,119,237,17,38,156,120,255,45,163,109,2,243,63,200,89,28,176,124,13,189
115,102,196,240,199,170,22,220,241,228,102,61,241,159,9,244,32,217,122,235,242,210,122,184,50,164,160,15,129,172,148,183,77,169,223,235,70,141,69,238,228,236,251,120,41,246,101,9,145,173,196,157,155,121,23,152,195,242,106,254,95,28,86,102,13,222,107,83,209,195,133,132,49,210,188,64,42,118,187,221,127,32,61,176,78,219,0,2,8,72,28,172,173,161,119,141,132,200,90,119,97,8,76,157,126,136,73,241,135,82,218,67,217,218,75,145,128,46,183
189,183,205,59,36,209,207,150,152,158,198,10,175,225,250,70,192,98,147,4,180,251,11,233,237,95,219,252,206,183,139,11,72,138,130,109,142,17,6,28,48,59,99,98,120,223,65,100,87,93,253,173,195,35,219,31,139,124,223,55,186,168,215,244,249,167,48,243,36,7,73,204,60,232,77,201,228,175,76,66,170,163,227,22,123,125,171,150,197,146,230,106,38,3,122,251,183,229,13,225,62,221,90,226,45,245,217,241,87,237,205,153,10,160,167,119,61,116,90
231,76,135,8,157,225,56,59,253,152,188,194,42,198,94,76,190,51,58,189,253,3,243,162,16,58,214,78,59,71,246,205,102,147,222,86,241,92,191,123,214,62,62,79,166,53,149,6,59,116,163,148,155,242,252,164,212,236,141,63,131,109,133,206,30,73,45,13,59,106,156,4,12,225,240,48,45,56,195,83,98,217,200,113,56,168,67,103,9,240,106,186,47,249,169,15,245,2,217,146,199,119,55,130,211,5,207,161,89,4,62,255,204,4,199,206,14,53,32
57,161,46,28,23,248,214,2,97,55,176,202,63,226,8,182,172,132,98,44,129,237,19,244,230,152,121,71,178,254,240,118,104,134,60,102,132,44,122,167,158,66,233,29,112,101,162,73,231,131,177,234,27,194,81,99,190,125,61,104,46,178,144,220,15,255,215,184,101,39,2,96,190,229,159,112,218,208,226,30,160,118,229,239,116,57,12,211,120,159,119,28,76,57,124,131,116,191,238,39,119,137,88,236,236,8,72,233,202,151,67,146,25,229,141,135,128,148,100
69,49,220,97,174,107,23,10,69,26,117,104,70,161,224,183,179,35,100,66,93,254,67,122,170,224,69,219,227,39,33,28,126,7,122,136,254,132,227,194,68,92,11,152,147,165,244,225,90,41,218,75,101,180,220,169,112,17,9,8,114,60,207,206,181,60,84,39,240,189,167,24,166,124,238,4,253,4,141,138,229,54,188,186,195,68,22,225,60,9,72,215,99,144,104,123,156,173,64,206,131,104,95,37,16,77,1,71,57,127,66,250,84,26,178,132,15,50,185
175,20,125,12,89,182,241,126,145,163,88,136,197,113,191,20,36,160,77,246,59,237,93,56,175,38,6,28,204,11,234,174,27,163,252,228,196,79,125,19,204,83,209,253,80,178,232,217,113,148,191,15,39,236,193,126,44,37,6,226,223,184,7,123,61,193,29,132,92,9,168,151,114,72,17,232,185,74,30,211,66,245,65,146,55,6,10,89,39,44,128,169,97,119,146,173,39,24,53,139,90,207,211,144,204,103,79,221,236,246,91,68,32,133,225,187,5,229,237
224,215,80,113,133,146,28,36,204,79,201,63,222,167,76,144,168,91,8,203,62,96,185,191,217,58,122,71,40,58,254,6,222,47,251,15,41,168,70,87,181,12,155,129,85,106,129,70,214,44,202,26,61,88,125,141,178,180,102,26,238,169,180,29,174,99,241,23,27,190,80,93,158,154,14,241,178,165,9,178,192,187,210,112,48,6,88,154,40,132,248,178,225,234,190,128,225,44,194,24,246,57,35,49,223,248,10,41,119,242,191,124,7,30,212,10,225,22,186
104,211,169,49,81,1,137,157,253,32,159,10,232,209,106,89,202,85,180,45,135,58,157,142,86,190,38,166,160,232,158,143,39,41,81,104,73,0,99,73,102,209,1,237,97,142,205,190,6,213,76,226,178,193,220,103,233,129,11,102,57,66,38,129,162,1,193,39,113,49,223,84,123,73,12,118,135,21,45,236,238,157,154,38,145,83,112,4,47,251,232,244,81,143,16,136,190,161,103,241,167,29,222,124,130,66,97,27,111,96,187,50,78,162,191,145,82,2,87
123,60,138,108,249,148,209,162,242,163,199,239,3,226,32,69,21,99,27,210,41,137,72,157,185,210,194,198,173,183,4,73,114,144,138,232,84,167,110,223,164,134,246,225,51,18,215,62,239,132,87,155,5,100,100,59,130,243,161,78,137,243,45,221,100,153,238,36,104,242,192,220,19,62,26,21,65,239,201,195,52,238,239,147,27,123,44,95,71,25,176,227,177,86,197,241,196,93,17,67,29,130,242,218,242,11,77,191,184,151,42,16,196,74,181,11,58,95,197
149,227,61,17,144,249,100,181,137,31,9,149,117,35,60,121,192,202,139,88,21,224,211,14,217,81,244,158,119,44,31,19,250,191,181,11,209,216,55,218,49,9,29,223,13,93,122,253,191,146,54,249,174,194,17,173,28,97,8,248,203,82,42,114,163,46,233,191,250,98,199,165,226,84,77,33,179,83,42,152,124,137,29,194,203,105,52,98,6,84,75,6,28,224,204,16,138,227,169,5,32,172,78,210,133,30,216,82,110,123,48,95,78,184,23,125,159,239,155
209,178,107,57,197,202,105,164,64,57,114,236,174,214,119,67,0,25,174,38,114,225,45,176,40,173,101,12,70,225,50,242,119,28,141,67,255,3,226,189,241,208,55,26,109,98,92,41,26,140,25,142,115,232,125,173,218,38,64,227,41,14,13,235,134,118,163,120,203,28,139,111,211,156,40,149,177,74,68,98,76,115,91,132,56,31,199,6,215,129,236,22,21,174,182,215,197,205,51,53,174,83,204,228,58,21,12,142,167,202,45,159,33,26,86,244,69,194,206
56,222,80,203,107,243,125,173,150,246,235,186,171,38,183,109,3,8,91,126,173,110,220,131,52,187,20,208,144,241,46,153,214,232,207,63,115,107,100,243,123,219,186,111,118,163,83,208,234,246,5,191,200,101,146,134,149,194,184,247,50,70,196,125,58,113,130,245,229,251,250,21,220,79,0,29,202,104,57,50,28,82,123,175,227,228,165,195,115,185,14,78,222,58,161,44,239,190,188,7,142,54,162,188,74,51,63,103,248,7,240,75,61,222,24,163,211,166,23
67,5,183,11,190,87,94,17,103,16,144,14,149,70,221,235,89,182,120,207,72,36,121,26,78,17,139,71,134,219,247,59,84,196,40,173,153,126,47,216,195,37,52,144,22,94,222,92,142,86,23,52,13,207,198,7,34,86,39,78,34,91,197,26,68,37,116,173,182,67,216,49,78,197,135,243,119,210,194,198,152,146,4,130,249,79,160,92,241,250,203,191,67,153,33,171,151,78,75,180,162,83,8,23,22,110,233,59,175,188,235,121,209,174,247,130,203,220,157
147,59,122,47,45,222,233,203,14,2,76,118,152,12,69,123,221,186,80,0,205,232,7,30,198,249,43,153,16,45,12,32,125,111,120,155,235,52,129,175,83,199,94,63,227,134,40,110,8,34,244,142,165,150,85,51,175,255,188,57,248,35,217,125,187,219,43,41,62,255,111,16,213,250,201,166,245,19,252,148,244,217,111,83,116,192,220,68,129,137,27,151,87,213,44,204,71,66,233,110,138,225,115,79,63,116,254,251,204,78,137,116,208,234,74,38,71,144,249
2,20,239,239,118,17,225,139,18,221,103,50,174,63,117,122,100,81,113,66,101,109,69,221,122,238,237,133,249,94,242,154,153,165,160,205,184,31,102,170,74,10,24,48,168,44,85,234,177,216,162,206,193,32,251,48,220,251,199,224,243,101,80,164,199,168,205,102,232,135,117,36,10,10,195,106,185,213,128,2,123,178,14,201,191,87,180,220,26,40,38,91,37,144,169,246,61,75,154,80,26,120,235,149,252,45,204,38,146,159,150,122,36,206,189,179,4,79,34
183,127,53,181,123,123,85,116,63,158,91,120,217,53,147,190,212,179,160,138,148,88,201,34,69,143,167,35,155,198,159,87,128,2,241,240,244,240,251,247,146,83,96,223,137,18,1,192,136,132,224,24,196,136,32,107,126,22,232,182,237,225,204,175,194,89,157,71,31,21,160,255,127,8,76,90,19,211,115,184,29,20,153,222,152,91,149,195,156,101,102,204,116,82,193,168,249,33,165,60,59,250,102,91,74,145,89,128,107,51,173,198,128,176,121,40,117,177,241
63,243,204,142,240,73,210,225,11,61,51,105,0,139,10,118,35,224,42,171,97,158,171,48,245,196,26,103,199,152,243,202,23,237,162,60,225,204,31,194,151,219,180,122,194,110,229,133,7,22,8,8,72,67,152,5,155,171,239,72,204,217,157,102,253,77,13,222,232,233,156,159,101,146,138,40,130,128,76,113,253,132,181,203,98,105,239,7,213,247,222,71,143,133,242,177,102,206,182,91,247,19,160,61,13,62,205,83,100,142,200,61,53,230,86,110,240,188,156
250,96,152,208,126,137,1,124,6,104,130,20,202,129,43,169,83,180,18,229,207,128,145,141,131,3,47,140,133,45,244,152,57,109,58,209,21,64,169,200,153,33,203,115,126,131,28,123,2,130,193,164,126,220,110,10,40,83,194,134,187,222,251,41,105,115,73,187,13,144,72,112,202,179,229,20,209,59,142,185,245,59,115,15,11,28,225,151,86,40,66,63,11,174,121,166,140,235,215,40,24,6,178,122,44,53,45,223,242,68,161,157,121,104,30,56,146,124,58
84,54,78,210,249,237,226,93,120,99,205,62,86,172,18,137,190,135,71,159,46,220,110,48,223,118,174,41,202,52,9,4,111,182,18,161,168,31,105,45,11,50,193,137,127,43,95,99,41,81,78,44,142,197,39,87,5,145,155,29,184,210,62,60,167,149,2,124,58,36,146,18,85,95,189,15,255,55,225,223,138,104,11,140,249,58,100,71,126,130,190,123,166,155,235,222,20,201,54,21,51,242,34,60,103,34,112,35,174,188,177,118,56,92,152,123,18,181,63
28,107,190,215,216,7,206,180,29,52,96,129,247,65,134,227,39,215,75,117,110,118,48,239,151,44,93,27,71,222,212,182,245,245,158,192,39,186,185,231,120,106,188,3,34,190,23,136,163,216,147,33,237,108,36,187,246,160,3,50,143,88,219,234,63,188,107,101,252,94,125,141,137,196,19,154,214,252,187,131,61,129,151,152,68,10,49,190,21,139,176,198,245,221,178,59,149,131,95,18,36,148,104,254,138,150,163,25,73,112,249,100,134,7,116,124,170,185,97
123,64,101,255,85,150,124,227,46,47,155,65,170,152,223,78,105,4,153,161,101,148,230,163,43,255,202,5,231,245,107,38,177,174,167,169,47,222,70,242,114,252,253,114,69,164,151,185,176,170,72,245,164,144,233,124,82,241,91,11,245,237,53,130,206,67,98,236,188,122,159,17,130,63,119,39,238,173,161,20,248,3,214,142,75,173,187,224,222,92,60,98,107,174,33,25,243,167,198,7,78,64,183,99,104,194,103,239,90,182,232,221,49,19,154,86,182,255,45
41,45,238,161,171,163,207,60,13,2,115,95,77,89,173,248,1,192,58,131,118,129,84,46,36,105,188,105,68,251,184,218,165,175,178,17,236,235,5,126,40,18,234,111,61,137,74,63,245,197,238,24,59,119,233,222,124,113,175,103,110,134,255,113,13,128,201,151,247,17,203,131,230,136,84,148,216,183,246,91,83,140,161,169,129,160,203,151,230,14,99,24,69,179,220,41,144,140,241,166,122,235,29,100,88,239,232,79,248,103,43,248,27,224,39,102,65,8,21
66,162,252,164,219,228,228,31,168,4,209,79,2,254,167,63,83,192,53,162,150,167,85,2,198,203,81,69,153,183,239,128,33,163,126,139,101,44,49,70,248,150,219,173,60,46,141,43,116,30,153,19,60,138,205,109,60,9,204,58,226,194,174,208,18,117,130,40,113,13,65,117,43,79,42,181,84,201,231,15,133,92,22,227,114,9,215,69,86,75,43,93,171,93,179,49,212,104,77,80,37,0,165,78,110,132,24,14,115,19,189,171,63,7,151,127,150,170,54
253,157,203,91,214,242,0,90,239,180,56,169,165,64,63,66,195,42,117,219,247,91,211,23,233,42,27,165,29,97,120,76,99,9,106,140,4,155,164,215,132,188,174,202,82,91,228,23,239,169,203,60,148,136,164,104,129,121,48,105,35,200,240,141,27,216,119,38,148,180,43,102,64,206,55,55,69,114,155,200,217,149,110,69,61,221,206,6,71,222,133,71,226,142,107,2,178,52,250,68,55,138,188,195,166,28,147,135,192,8,113,79,14,69,77,233,151,252,129
62,157,14,200,3,123,31,254,185,250,135,36,101,43,59,19,100,197,239,25,1,60,13,28,107,18,10,0,60,215,163,118,152,66,31,34,4,134,57,197,80,195,115,228,41,21,46,244,110,18,239,58,148,171,22,68,155,239,80,160,116,114,26,240,35,218,129,178,250,172,149,205,132,164,10,11,100,46,176,233,209,249,37,19,161,186,101,180,202,147,252,241,136,218,122,215,4,18,247,250,148,155,175,42,191,67,1,125,0,115,4,225,239,169,243,216,176,184,82
49,93,157,163,28,239,28,249,184,228,47,222,38,60,130,148,222,212,105,116,183,220,20,65,238,25,254,131,170,25,144,133,177,12,37,125,150,35,184,87,171,157,183,170,37,53,65,136,83,47,192,35,150,152,48,32,127,89,172,7,125,150,249,33,44,127,212,78,51,49,191,36,79,245,101,180,177,7,152,240,233,170,172,51,123,67,159,187,118,17,102,172,7,220,145,41,241,39,76,248,84,165,55,48,128,224,9,24,246,163,23,187,7,167,47,172,156,90,250
39,95,157,153,113,101,53,12,60,4,146,62,222,238,229,157,246,85,176,89,45,174,196,91,65,33,239,79,177,192,188,96,169,54,185,142,214,118,148,135,250,217,60,210,241,170,233,209,95,201,87,233,174,157,237,123,4,113,216,70,127,209,111,128,62,144,60,43,158,25,94,180,212,135,142,112,222,46,1,87,221,231,122,19,146,112,175,189,196,75,114,199,7,218,195,244,28,71,167,82,238,88,145,166,203,45,211,132,176,195,119,46,235,32,251,47,173,0,140
193,153,146,124,54,55,30,53,221,240,207,183,172,168,141,182,171,211,52,76,212,100,47,165,190,170,68,52,183,166,104,105,194,147,89,174,73,27,189,31,60,89,219,140,104,168,193,15,199,40,241,147,217,255,191,66,222,154,197,159,87,12,62,194,111,81,72,22,40,250,160,236,206,221,168,30,43,104,88,84,75,254,175,178,233,222,12,27,159,192,72,106,74,200,244,206,41,23,76,250,39,145,158,76,231,73,232,1,11,189,202,155,238,27,67,101,230,224,97
238,135,166,124,189,117,103,101,140,227,195,237,113,184,83,131,6,249,236,101,102,231,170,18,16,44,112,197,253,206,206,225,141,192,230,81,30,37,195,140,121,189,224,232,131,61,204,22,189,51,81,82,99,130,111,108,69,112,222,74,149,93,209,128,14,44,96,87,5,198,30,253,159,255,75,53,163,99,139,198,193,41,166,88,102,121,1,212,202,16,84,142,14,24,83,64,92,85,161,75,108,208,93,249,239,29,156,198,146,107,101,142,136,61,144,148,35,10,178
146,47,99,97,59,139,120,99,92,122,106,140,216,149,221,114,160,69,179,152,48,177,207,60,223,34,178,139,240,109,141,95,34,121,197,113,171,87,46,58,101,56,193,3,217,247,188,18,10,173,73,150,98,155,123,154,199,43,31,43,109,254,15,171,205,219,127,164,73,235,150,158,193,99,100,194,173,139,167,118,8,47,29,128,2,164,57,97,84,88,216,138,25,111,3,221,71,25,148,243,47,139,226,132,193,245,223,216,197,169,171,122,155,103,11,234,116,122,144
6,220,252,82,208,153,4,92,87,152,18,226,27,11,128,84,97,132,84,36,38,225,63,25,102,47,209,208,134,36,45,134,148,206,107,254,62,43,45,154,136,227,182,8,122,14,171,159,155,42,32,245,100,175,99,207,195,86,105,166,140,69,213,31,208,45,63,51,191,241,233,214,183,107,105,42,183,122,51,157,244,170,153,111,133,236,227,170,4,20,96,136,210,150,129,30,50,106,250,76,110,246,163,239,1,79,17,143,229,46,231,192,165,116,108,63,18,123,84
229,229,142,153,100,244,24,219,84,62,35,247,153,167,202,34,82,237,50,144,76,97,14,175,109,15,67,177,120,50,20,51,55,239,140,192,171,122,213,241,3,90,18,147,206,49,33,183,246,25,77,181,148,42,124,23,98,124,195,195,10,158,239,27,188,65,116,225,232,133,51,110,237,72,237,105,139,171,26,142,170,78,156,166,250,237,238,26,147,205,155,52,66,136,34,121,6,138,135,246,183,148,143,220,177,79,105,192,241,22,163,213,62,156,157,250,182,183,145
166,85,183,1,48,96,102,176,175,202,69,76,170,10,250,131,90,222,105,89,136,187,210,88,237,51,31,93,81,193,133,202,205,95,46,6,133,139,31,94,189,93,174,107,172,2,220,73,190,114,46,38,116,190,204,140,27,113,134,158,248,64,47,70,14,132,181,190,91,151,75,55,73,92,27,240,188,28,203,169,95,59,145,188,33,107,47,41,25,174,65,183,211,241,234,35,96,130,246,83,212,173,108,195,165,201,123,117,47,72,22,6,135,85,206,53,231,212,208
128,165,219,140,171,84,158,95,119,21,29,11,172,166,200,134,105,53,22,162,46,250,191,28,122,43,143,243,140,88,169,0,118,59,3,154,149,255,82,163,117,92,182,209,20,133,226,131,213,90,91,226,219,36,242,151,136,111,99,58,25,204,50,203,8,146,72,54,14,247,135,165,9,64,105,156,215,243,189,44,121,41,57,105,120,150,91,92,124,38,1,215,169,122,232,231,71,234,103,230,151,24,27,197,207,210,121,90,48,196,127,142,153,140,163,60,90,243,113
65,36,133,208,199,67,214,83,77,49,176,89,70,151,154,97,187,18,218,150,210,99,142,230,217,59,28,122,108,166,124,226,171,201,140,228,170,88,91,61,207,145,0,117,24,146,147,67,196,163,62,181,159,201,255,82,38,224,11,167,115,182,165,135,108,241,248,43,150,68,242,41,39,174,250,2,43,48,102,56,60,226,193,163,188,107,204,135,222,225,68,224,220,160,114,15,121,118,66,124,55,148,58,13,137,208,191,128,24,149,162,174,45,175,45,13,6,36,11
241,79,142,62,88,164,162,105,241,58,219,131,106,155,198,157,200,52,159,92,244,139,10,102,81,163,137,226,96,59,200,35,195,65,77,106,18,100,76,196,203,161,252,153,47,152,184,225,246,14,253,28,44,127,152,83,75,36,1,131,223,252,63,69,72,70,34,183,237,34,6,17,216,152,84,254,244,177,145,238,3,173,66,111,129,103,41,230,85,113,117,125,158,109,124,90,31,114,166,124,180,183,168,239,121,185,240,126,67,177,202,217,12,4,230,243,194,253,23
173,81,87,187,114,222,32,45,201,150,209,18,238,166,26,67,150,108,154,217,68,110,185,101,132,84,86,41,42,17,148,31,121,208,231,166,100,47,70,108,154,202,197,237,211,84,20,35,48,208,67,231,178,237,21,228,182,49,165,96,177,233,228,163,30,131,152,130,55,30,49,72,64,180,102,135,122,200,82,96,213,240,93,122,39,6,58,69,148,243,87,168,9,225,90,230,235,253,157,195,194,197,17,12,199,65,113,48,26,225,132,59,251,244,212,129,14,79,17
187,19,107,171,4,42,228,204,171,9,231,17,26,142,212,59,159,16,226,163,148,56,62,138,7,235,105,69,229,220,76,225,199,134,194,151,49,230,159,166,66,32,29,174,245,235,111,136,43,159,23,59,124,137,7,83,57,176,244,116,2,157,63,85,85,33,185,48,69,127,99,171,129,20,102,13,214,234,127,254,171,212,227,96,1,75,110,169,101,234,233,92,208,228,202,142,34,207,215,254,97,233,11,187,214,37,68,114,29,183,23,119,115,208,100,85,7,125,101
15,149,2,154,148,43,175,242,143,185,117,185,22,35,238,38,245,196,185,47,246,76,167,224,44,220,189,140,162,30,41,164,176,46,13,61,193,248,99,112,51,54,113,164,43,207,0,44,137,105,138,211,104,189,201,191,24,157,90,53,108,120,130,75,115,54,232,97,210,143,235,147,193,11,12,81,0,144,114,250,88,143,181,4,77,139,167,55,170,135,78,50,251,211,155,162,203,2,42,146,121,143,134,91,237,29,62,237,97,236,128,17,60,22,29,173,30,91,145
57,102,114,218,98,249,103,188,4,39,117,114,32,5,4,102,19,254,211,215,183,188,103,239,79,237,247,244,194,196,107,161,58,138,64,73,96,62,120,126,143,215,29,65,235,171,148,128,93,133,83,52,202,23,197,79,163,159,149,217,205,65,209,219,208,22,199,241,179,201,230,102,89,193,31,19,92,221,160,212,177,32,244,195,197,155,15,43,121,211,203,41,192,129,37,254,50,200,243,37,200,40,225,74,112,181,252,233,39,16,141,206,65,9,35,63,30,30,224
209,153,77,150,22,52,58,113,88,91,67,236,250,119,87,65,230,49,92,104,73,131,97,84,193,111,22,1,139,168,88,218,119,220,239,248,186,50,61,200,251,197,141,192,73,125,130,74,215,54,78,66,243,69,211,179,148,160,101,189,166,154,71,150,221,123,114,153,70,64,241,195,140,192,153,209,253,146,223,54,145,3,132,5,97,105,41,162,69,93,235,149,97,73,201,170,255,56,127,142,40,24,147,85,17,254,253,59,21,11,145,100,252,246,217,243,96,27,100
233,241,96,53,11,144,75,128,238,124,59,238,48,130,173,101,41,48,202,29,165,234,43,138,81,98,68,209,172,85,193,160,34,135,112,97,157,44,159,172,215,236,194,224,233,175,80,136,157,246,56,222,205,29,175,184,133,32,81,206,66,204,42,36,79,111,63,202,6,124,68,54,179,115,255,77,13,158,152,209,72,32,183,20,142,49,145,82,148,181,41,103,162,94,220,5,65,26,108,44,90,219,94,39,129,80,232,177,162,203,62,57,209,253,153,88,205,28,19
245,19,151,193,249,209,215,178,146,255,190,22,164,9,113,199,238,24,22,142,210,193,231,61,147,24,35,237,33,252,248,182,122,53,251,172,220,32,117,80,80,163,208,57,236,94,32,59,155,13,23,176,124,64,123,162,35,109,100,51,155,79,121,244,229,53,147,202,195,237,32,79,212,124,57,194,44,179,189,73,81,130,43,168,128,226,137,234,243,168,199,14,102,133,91,64,211,24,196,120,37,140,22,147,170,116,188,22,94,225,201,43,31,135,189,115,17,148,139
109,122,225,155,155,6,195,67,144,129,24,66,154,34,78,124,136,59,67,182,142,246,172,156,120,20,187,247,173,140,11,92,215,198,31,31,64,247,127,176,61,31,95,46,184,110,91,112,35,152,140,46,211,79,30,34,187,239,77,131,146,129,19,110,72,224,145,214,131,112,220,203,26,71,59,215,12,27,190,137,248,217,133,49,13,164,159,202,21,0,92,71,78,55,42,48,135,4,253,80,157,158,129,236,64,154,59,148,115,166,150,106,99,93,210,25,235,38,30
25,239,98,242,155,180,15,4,54,127,144,210,253,223,199,161,167,24,49,9,123,181,117,88,153,53,54,129,210,227,14,125,217,14,124,10,143,175,254,177,194,22,193,252,180,202,14,158,103,151,158,55,212,237,177,206,117,31,76,200,97,210,251,214,147,42,110,82,232,58,61,136,175,176,43,98,116,106,36,148,240,26,19,72,21,19,31,155,196,94,200,189,112,163,77,237,109,240,67,114,35,222,25,6,25,130,45,79,124,49,177,143,225,13,177,251,90,242,15
96,162,56,158,3,125,105,130,3,183,24,162,102,134,39,255,39,214,152,58,16,91,96,208,100,168,142,59,102,5,127,157,123,133,134,56,51,163,102,78,220,12,123,44,51,163,183,159,163,129,221,167,123,48,236,134,165,145,23,217,230,204,19,109,177,222,108,185,62,60,118,33,228,165,198,202,115,126,248,226,190,222,160,103,61,22,37,115,255,130,113,167,252,199,210,49,226,57,175,90,6,122,37,94,154,120,135,134,91,104,4,106,213,107,76,123,13,134,217
211,198,121,72,45,228,38,206,187,252,151,23,99,85,42,241,196,132,14,189,246,253,241,210,2,182,244,162,63,129,17,137,106,61,246,64,34,218,94,57,123,148,25,40,107,245,200,233,4,229,146,83,202,78,30,131,66,148,170,7,149,137,90,162,194,214,93,84,174,57,159,25,35,119,215,143,48,166,21,10,137,132,99,115,158,64,120,23,55,12,236,208,82,212,88,26,3,217,231,148,213,241,96,191,61,236,185,25,161,212,220,210,249,180,62,232,50,81,137
49,205,228,183,138,16,172,208,166,245,159,2,234,10,163,0,228,124,208,161,20,95,226,171,23,28,240,209,14,68,187,18,71,140,138,41,102,165,190,18,82,116,148,87,212,127,51,201,39,216,255,214,25,68,182,240,27,25,116,114,52,38,25,95,253,124,253,41,144,32,195,150,105,38,33,98,90,221,51,246,29,83,111,146,84,62,251,110,195,188,81,130,214,166,231,82,220,121,226,28,137,207,232,54,58,96,220,110,52,157,179,101,252,100,156,119,12,220,165
77,158,117,41,234,115,100,20,216,246,200,41,250,202,244,140,169,95,228,112,202,21,34,104,208,144,244,191,120,38,26,16,128,114,201,119,12,160,168,136,129,190,80,168,97,93,241,128,152,41,176,129,252,18,207,59,194,6,112,47,14,144,19,28,24,50,65,96,164,132,71,9,92,67,215,241,96,41,238,57,79,214,9,255,111,200,64,187,223,217,230,231,200,250,199,20,99,35,118,27,221,59,211,202,162,31,163,246,242,213,126,33,107,203,168,7,195,231,98
186,111,38,229,213,90,59,115,199,200,252,162,176,91,26,58,78,192,42,157,144,31,175,227,187,27,16,17,86,207,91,115,87,99,182,132,172,220,232,225,210,121,113,38,68,186,14,27,159,117,200,188,171,155,255,252,192,249,32,131,86,88,122,113,100,104,35,174,7,164,62,12,76,19,171,10,199,204,187,9,248,237,180,21,86,112,7,191,42,248,96,183,128,141,182,168,108,30,116,18,178,109,88,205,151,225,61,18,226,93,249,26,151,138,25,3,16,44,27
9,132,70,221,244,147,64,50,130,20,89,205,188,231,112,57,99,57,175,110,90,158,39,66,118,109,193,233,75,227,188,216,253,138,38,134,89,179,17,131,248,142,177,79,198,210,148,59,241,134,149,79,169,242,233,169,200,27,250,104,47,50,226,214,90,234,109,146,44,185,105,129,105,4,117,48,25,4,163,179,140,93,153,9,169,245,231,157,212,95,237,173,195,7,42,151,17,63,21,218,67,137,184,158,108,37,166,92,5,110,110,38,21,223,51,9,21,111,153
192,131,219,172,197,247,80,93,30,230,222,68,162,75,135,238,80,200,255,206,235,196,103,225,83,58,152,243,233,159,72,137,218,249,193,203,198,97,206,121,215,170,177,235,167,52,194,99,171,2,48,46,19,31,35,199,98,65,125,125,113,157,67,27,190,66,77,102,78,198,104,166,186,17,168,232,214,164,216,48,183,245,121,225,193,135,118,240,110,122,189,80,189,10,254,26,84,229,113,225,238,247,9,183,124,82,148,136,120,204,163,78,15,32,139,98,246,74,90
23,110,121,231,85,223,250,1,67,44,29,117,233,20,154,12,131,107,124,180,166,25,149,159,152,152,235,94,185,129,191,143,15,81,133,31,37,208,207,31,237,210,157,123,251,14,168,225,116,25,40,10,226,202,32,9,66,50,11,14,179,152,86,16,233,93,28,167,227,150,237,145,93,57,153,182,104,128,57,200,175,82,24,152,86,70,95,231,17,65,96,58,151,156,110,77,211,210,140,123,216,124,112,249,191,126,99,216,155,233,156,113,46,231,41,21,107,109,241
243,47,23,70,157,9,158,61,211,55,166,237,212,182,26,31,171,44,13,173,31,109,141,50,178,253,252,126,173,130,13,227,112,72,65,3,119,219,83,165,148,239,14,254,226,47,49,73,121,120,228,171,31,230,225,208,221,212,33,81,118,190,130,220,38,192,23,225,240,41,181,216,11,147,40,66,232,196,62,235,174,171,68,139,17,222,146,64,148,136,213,162,140,109,74,193,253,155,151,56,148,234,229,117,125,62,120,250,135,55,141,215,45,129,137,191,103,93,126
186,237,216,204,142,134,66,197,198,150,114,59,46,235,56,250,167,223,166,201,13,202,248,107,45,255,112,239,81,85,226,134,139,149,226,208,192,234,80,19,252,88,229,242,68,21,170,248,239,91,91,32,138,28,111,13,11,12,191,90,186,209,77,49,42,1,51,162,27,28,250,184,33,212,176,111,175,206,209,217,185,179,217,132,23,26,97,90,209,49,190,18,247,94,174,168,54,206,101,7,125,242,143,127,129,150,181,146,38,87,80,56,215,43,116,166,87,204,225
152,187,21,169,213,105,170,14,208,138,164,105,24,194,188,6,33,151,96,5,81,190,183,234,35,130,2,34,168,156,190,34,44,76,117,70,30,27,18,72,165,144,22,64,205,38,156,201,90,176,29,116,0,24,38,23,146,223,107,152,193,147,110,253,227,162,24,37,140,224,127,220,216,194,228,140,13,111,110,116,250,40,135,88,45,41,105,161,40,118,185,220,219,142,143,142,99,2,71,254,206,207,128,88,38,63,107,215,224,189,4,101,249,185,2,194,166,225,192
65,231,253,131,151,36,71,103,188,99,25,226,245,166,49,223,84,200,102,63,167,59,225,105,115,209,204,97,223,85,168,234,173,59,52,216,9,153,79,9,12,26,142,148,133,10,190,127,143,170,187,45,153,171,208,230,56,177,157,218,54,111,157,154,99,34,48,65,44,25,176,168,123,250,90,111,8,17,96,12,148,166,200,136,245,231,137,243,201,225,141,163,75,47,134,85,186,86,1,233,168,25,217,89,74,208,194,57,225,7,215,53,42,10,9,11,140,42,213
208,104,232,190,205,247,210,2,13,196,213,51,120,54,226,191,161,77,68,245,180,157,56,194,120,93,49,94,19,60,170,173,74,202,177,83,143,143,154,193,242,134,29,38,222,94,139,215,246,19,60,78,69,212,102,120,55,47,108,224,210,92,134,128,100,196,15,255,185,66,237,31,131,136,73,94,110,254,167,98,124,37,216,114,131,148,179,164,19,164,217,184,137,71,200,199,23,186,221,226,245,3,155,55,226,192,209,151,153,92,72,35,36,7,59,100,229,30,189
169,212,149,161,105,53,51,123,0,231,7,20,178,102,211,169,45,148,233,210,0,201,56,113,7,37,104,157,158,173,251,184,42,3,151,1,91,187,240,106,46,56,132,80,203,172,147,62,99,19,60,206,23,16,233,254,102,118,108,148,150,70,170,207,223,3,10,33,123,220,140,150,130,13,114,111,164,2,14,49,185,215,62,154,16,228,190,168,26,79,209,121,148,185,90,182,57,54,116,189,143,243,25,244,179,131,107,135,143,119,143,132,13,253,42,126,154,23,170
145,124,161,0,45,173,157,62,112,153,81,194,19,206,146,55,38,154,158,248,18,69,187,236,222,5,59,112,54,211,146,171,117,82,48,175,141,127,62,13,241,162,109,23,186,19,210,216,36,38,149,49,253,14,151,194,6,178,108,164,144,85,75,244,244,190,29,2,239,200,57,85,98,251,229,147,42,181,116,52,184,53,158,171,226,201,99,195,59,211,191,190,107,132,18,40,50,133,175,225,176,112,172,62,155,95,227,114,191,37,93,21,84,31,182,112,4,84,112
24,74,188,182,228,27,111,224,41,97,60,145,132,174,22,62,131,21,95,115,6,122,56,112,196,2,16,250,74,37,153,219,97,38,205,250,106,84,188,46,37,63,196,202,179,147,255,56,63,206,187,251,131,224,238,117,84,168,76,44,39,127,164,160,48,105,44,144,233,214,107,197,176,54,163,3,133,220,162,147,194,4,127,239,118,32,201,46,244,161,45,218,71,75,30,142,225,151,175,197,134,239,104,46,118,186,253,77,72,253,214,123,200,73,191,74,224,66,98
102,191,111,189,136,56,102,146,89,178,71,243,143,13,120,150,68,163,243,51,248,213,57,47,243,225,199,144,60,118,187,92,137,32,202,250,49,136,162,85,2,183,80,42,204,211,180,6,106,182,67,179,112,110,49,6,93,167,247,149,253,24,234,212,117,126,35,150,236,247,231,69,197,138,154,178,80,207,160,132,250,95,251,237,108,71,121,76,50,74,87,200,244,90,208,240,146,239,94,14,169,69,97,66,34,98,76,218,45,253,253,109,153,19,189,57,242,63,107
223,68,114,125,96,92,245,136,215,63,31,52,118,164,87,164,47,211,167,28,123,48,8,122,205,148,251,103,111,73,188,75,117,191,98,246,239,4,217,163,123,99,169,189,180,69,190,43,34,89,102,148,161,3,77,162,20,125,114,194,12,230,58,90,186,38,221,102,231,241,19,24,127,162,203,205,232,128,114,213,111,23,11,188,199,56,13,193,186,99,170,204,1,69,167,248,195,40,235,169,14,181,52,174,40,173,66,168,57,59,183,55,156,107,29,160,33,187,144
166,34,56,30,26,102,30,30,90,192,83,6,49,236,151,54,46,168,216,243,216,120,35,178,228,244,212,90,110,3,157,59,167,17,151,5,98,72,107,35,155,14,105,146,106,11,157,105,61,72,85,37,74,9,219,36,255,66,134,147,149,70,162,0,58,63,182,135,142,70,219,76,0,232,13,33,129,201,119,66,226,63,137,195,142,249,79,127,158,69,143,109,7,95,181,236,103,194,222,135,203,109,105,38,34,115,216,30,68,216,204,128,214,198,69,194,164,68,43
214,187,16,72,163,8,40,44,119,209,124,227,20,100,218,183,230,154,8,106,118,231,11,83,10,10,16,81,159,164,158,249,72,12,232,106,195,222,143,184,149,165,35,20,62,142,88,195,184,76,136,177,66,176,80,160,143,61,105,218,119,152,197,6,126,235,88,69,236,31,22,126,122,91,230,142,229,157,60,209,55,150,5,159,194,129,187,247,30,238,169,202,188,94,140,147,4,161,246,215,213,195,32,142,46,103,143,175,163,211,225,198,152,211,239,148,255,184,100
169,197,96,13,153,46,239,211,235,9,54,107,119,143,167,201,127,179,153,66,141,88,218,159,56,21,23,187,164,80,150,126,57,73,54,251,20,216,195,250,81,244,171,65,68,110,28,37,130,252,119,167,86,206,163,185,217,134,182,50,164,223,241,48,215,123,185,144,48,105,152,86,146,71,196,118,114,225,6,79,88,87,213,248,84,243,112,242,127,113,200,155,139,167,164,247,248,63,121,89,188,25,218,46,168,97,53,29,160,24,164,5,177,28,184,38,116,114,82
184,195,94,174,57,126,99,1,107,233,89,63,64,248,59,190,22,70,249,193,217,85,130,10,175,246,75,172,143,32,9,140,139,80,242,252,133,151,38,3,251,60,126,97,29,60,130,55,58,97,29,50,220,27,24,107,103,185,91,10,185,42,72,228,138,168,182,82,17,166,217,172,202,85,174,52,181,176,176,128,140,16,82,37,139,97,6,231,156,197,243,235,20,237,197,228,57,197,48,83,117,97,170,207,216,64,14,21,124,73,187,186,109,84,51,112,42,4,238
21,36,1,70,25,242,21,56,8,170,111,252,151,217,56,180,81,55,65,12,69,171,73,219,249,24,97,0,89,118,143,44,171,220,111,119,105,105,178,49,205,117,124,50,166,166,166,14,209,191,85,108,161,139,75,242,99,74,87,33,241,15,238,223,118,201,167,95,51,131,37,213,167,28,187,119,112,206,58,18,33,91,137,190,144,117,98,66,98,250,191,6,77,13,242,232,66,203,62,135,73,201,48,42,76,127,191,147,140,51,31,168,251,86,134,249,52,66,20
73,68,223,19,50,42,42,153,36,123,139,126,249,136,84,67,36,40,194,109,119,186,193,115,51,13,193,213,120,246,132,142,22,152,4,119,25,115,52,231,42,82,32,212,120,185,224,78,120,221,168,213,70,44,225,115,234,95,41,91,58,222,222,13,3,104,65,154,191,33,61,124,221,86,242,232,107,132,115,167,26,104,143,57,72,40,252,27,207,47,192,25,156,162,197,112,211,215,142,190,113,244,6,65,136,113,141,152,63,177,16,247,86,26,24,253,52,196,118
130,79,250,87,199,167,194,232,43,100,77,72,96,92,232,137,41,198,6,100,243,163,112,127,226,72,96,204,5,83,0,27,166,250,54,95,179,189,34,168,22,103,162,115,88,90,117,210,122,201,186,101,177,52,99,97,170,149,233,23,146,127,142,198,196,26,234,112,50,241,231,246,10,115,19,50,247,9,42,52,11,25,205,47,73,238,248,133,7,192,18,24,151,223,129,73,251,201,78,91,219,129,248,202,40,85,234,193,163,40,221,147,228,225,196,70,84,254,115
162,71,28,246,79,54,26,68,204,136,83,134,164,46,82,94,101,142,159,34,50,175,87,67,234,237,8,159,229,103,148,116,136,209,52,43,133,41,186,111,40,59,27,150,114,211,113,38,178,197,77,205,142,11,45,19,203,129,57,129,42,6,75,23,81,79,147,12,157,130,25,112,219,108,43,244,92,2,1,249,231,26,1,174,229,113,54,227,70,106,7,58,43,39,16,200,251,229,25,206,129,160,171,5,36,219,232,29,153,128,76,183,51,246,211,139,8,255,91
41,47,7,254,26,93,100,130,220,228,159,251,141,187,123,183,127,167,175,66,4,210,106,78,240,38,100,98,43,80,3,9,185,112,221,155,112,204,197,43,132,157,109,217,190,247,245,230,93,21,18,23,92,219,31,10,230,225,136,234,29,30,11,246,184,205,138,247,94,189,45,59,85,129,118,175,213,81,15,156,149,247,128,212,8,253,62,98,242,106,108,124,64,124,118,167,238,251,244,211,87,31,20,206,252,170,157,194,165,185,12,209,121,162,161,220,176,82,3
5,124,42,155,131,64,255,101,4,198,225,249,5,211,250,222,246,111,109,58,102,248,167,246,32,136,41,127,78,60,33,26,63,58,3,68,31,214,175,24,38,76,143,130,216,208,23,96,169,3,135,195,104,132,7,24,143,39,184,147,103,173,210,161,243,231,227,153,94,178,53,125,253,83,20,253,235,7,97,132,90,67,187,226,128,52,249,188,58,250,47,219,45,59,86,220,125,177,219,8,193,230,75,115,37,174,209,229,173,15,235,177,117,113,138,133,2,90,28
210,120,210,181,59,254,115,194,171,63,121,80,120,221,241,252,138,117,158,120,193,85,187,230,174,203,86,210,107,181,211,166,107,103,146,117,200,73,102,80,212,170,152,91,215,62,27,65,225,180,132,126,213,179,186,209,130,36,8,212,75,2,60,225,219,49,208,85,29,231,130,134,217,163,123,44,239,15,141,62,20,141,70,182,155,216,233,28,247,78,115,211,217,100,81,22,189,96,195,25,160,117,21,184,212,99,104,61,162,230,140,107,179,70,88,36,33,170,197
231,40,176,18,89,50,25,91,189,174,51,74,115,81,113,246,48,57,21,179,191,74,132,32,157,184,155,177,166,22,73,125,111,175,44,245,158,127,163,198,147,149,62,53,90,16,25,242,188,68,27,105,215,107,218,98,206,138,70,166,120,93,43,255,215,14,159,166,250,90,127,4,65,162,35,87,162,32,49,247,7,211,226,82,32,124,107,66,189,15,249,25,173,161,87,57,27,65,4,58,83,226,145,158,80,167,35,179,175,247,40,250,0,155,0,212,17,46,228
129,174,166,7,197,44,197,41,201,42,200,152,17,219,147,150,192,167,123,112,40,58,0,216,226,253,199,83,72,214,246,142,154,18,86,163,126,71,127,98,187,19,190,232,147,164,66,38,35,87,3,218,179,177,185,129,203,221,152,87,61,131,46,247,44,55,37,215,40,78,142,184,65,92,190,220,111,54,20,146,137,17,226,24,127,8,56,37,94,195,116,110,207,77,180,195,134,104,45,173,53,167,243,31,94,194,141,190,52,240,227,215,82,231,203,65,7,223,144
93,150,59,38,210,28,196,136,129,177,206,98,175,215,201,251,198,32,15,76,115,60,170,206,220,26,230,209,40,162,66,114,196,152,166,224,238,61,232,133,82,205,223,250,28,181,171,218,88,12,0,150,9,121,143,186,229,72,43,90,206,105,28,97,69,199,99,119,59,114,114,45,26,39,97,37,10,218,117,141,0,11,58,99,10,84,221,244,81,177,97,71,35,241,139,189,58,252,32,34,238,97,97,146,182,170,105,29,150,15,250,254,23,103,205,77,47,88,28
250,85,164,122,83,34,44,108,112,167,155,4,24,33,194,10,167,193,227,107,87,91,106,189,13,241,244,6,153,16,7,235,101,186,91,247,214,134,176,71,149,210,160,32,175,71,188,219,248,15,43,181,82,208,206,74,109,222,7,249,178,59,40,233,130,75,119,211,169,165,3,193,18,85,6,179,200,94,14,206,27,233,230,214,211,19,156,4,172,40,87,251,70,189,122,246,205,110,16,159,62,28,7,186,72,188,38,143,250,42,4,78,123,54,212,160,118,53,83
212,120,114,93,136,251,197,17,72,18,51,149,162,174,203,108,223,243,219,40,115,141,17,210,28,119,228,235,55,165,195,36,180,180,133,200,30,60,55,107,138,163,202,126,17,167,123,182,24,208,169,104,67,29,193,236,61,8,193,206,11,63,233,44,3,160,26,50,145,119,45,1,120,51,251,168,72,88,184,31,77,141,182,20,211,202,244,45,153,52,115,1,19,226,198,23,76,232,43,242,57,186,127,199,76,77,105,241,186,221,232,65,190,40,128,75,153,195,22
83,12,250,127,130,16,67,32,36,231,219,195,146,224,7,247,45,218,1,58,148,224,104,63,245,170,124,158,149,84,109,94,221,151,85,214,36,87,168,239,109,228,119,246,48,253,126,204,113,47,254,20,77,160,182,82,55,20,15,92,4,136,220,137,80,61,61,36,145,214,112,123,105,203,175,201,8,73,157,38,224,8,11,233,222,109,34,212,50,149,10,3,141,68,63,254,212,254,237,113,6,202,49,230,14,219,212,5,199,146,254,118,125,133,148,194,168,168,68
197,74,16,47,53,151,64,19,229,212,212,100,175,96,56,194,167,86,153,171,30,6,125,160,63,108,29,244,27,209,188,252,7,7,24,200,28,118,134,188,77,221,232,136,119,91,8,67,181,80,171,34,100,89,222,208,35,76,212,225,81,143,16,215,194,4,225,223,233,176,244,64,172,95,146,7,180,111,6,44,93,119,132,86,129,199,177,174,125,48,110,167,133,11,21,75,105,35,81,181,25,34,233,75,174,65,111,173,24,229,118,46,250,28,198,14,194,52,35
104,167,23,154,146,178,63,87,25,104,124,228,51,243,49,42,92,90,129,113,149,65,171,43,231,56,106,155,20,58,183,242,50,95,157,161,37,166,251,113,19,119,121,151,248,241,238,201,156,206,223,179,178,48,189,163,131,112,200,60,54,71,42,173,198,69,42,131,91,169,182,33,27,122,174,26,3,131,243,59,149,85,111,98,75,120,104,201,172,191,215,124,66,34,132,248,85,43,248,166,235,181,62,67,193,0,86,243,215,135,133,69,161,68,196,153,90,201,15
121,182,43,92,190,104,245,220,251,0,167,154,129,71,126,218,68,86,164,84,162,165,79,47,104,5,157,40,18,213,8,56,228,152,206,31,65,209,110,191,0,144,103,162,92,60,26,46,10,11,83,245,120,5,113,164,154,217,162,175,11,26,17,74,232,135,158,216,35,210,181,37,61,123,77,221,70,105,113,58,120,192,93,182,248,184,177,81,115,92,40,211,84,108,166,20,121,240,10,103,123,98,115,93,159,167,117,51,50,141,32,65,120,34,21,92,156,175,69
141,114,236,218,218,71,83,247,106,121,55,119,253,52,176,22,67,151,140,26,62,132,188,82,121,137,229,211,104,1,48,168,168,218,45,69,246,1,112,211,171,12,189,228,20,56,135,68,84,213,42,146,102,9,147,113,11,216,123,147,167,27,96,187,239,72,89,146,191,86,38,119,125,118,84,65,118,205,244,14,68,112,176,199,113,146,191,66,240,55,61,49,62,131,105,122,148,101,106,21,34,75,53,255,92,11,125,105,135,238,232,88,31,71,8,199,162,101,87
21,18,209,36,182,75,22,48,19,217,72,40,18,248,157,16,254,117,209,87,131,36,29,20,231,22,136,50,139,96,88,58,174,62,225,166,191,229,129,182,192,36,147,40,12,205,223,38,86,152,7,140,17,89,126,191,86,232,172,10,59,199,179,237,133,123,11,146,62,41,254,138,83,90,115,76,69,169,33,126,232,238,237,45,206,84,70,44,206,74,42,0,240,2,101,167,172,206,99,107,238,252,107,18,32,216,186,75,173,56,105,71,178,219,225,199,49,89,232
188,235,194,171,244,215,202,182,108,164,23,66,11,173,159,155,188,25,179,172,239,12,51,79,160,87,246,75,44,237,227,210,89,250,234,183,102,216,126,244,219,131,59,244,249,12,58,210,196,61,173,184,7,146,102,0,152,188,229,220,90,51,235,162,173,224,137,0,86,53,23,13,157,206,178,183,236,139,242,65,174,217,95,212,214,2,61,15,176,14,98,10,174,86,146,154,83,7,33,223,81,91,196,175,145,182,182,65,193,15,79,29,67,149,80,170,221,67,67
98,160,14,228,204,126,234,203,116,163,97,164,169,81,66,122,94,228,249,159,23,146,126,251,30,238,134,168,152,155,41,64,107,167,131,177,140,83,52,77,192,112,116,123,230,224,142,45,18,75,65,124,103,121,173,134,20,242,94,50,82,142,74,210,90,40,56,246,191,166,239,20,241,1,23,165,105,190,147,39,171,28,143,102,165,104,80,189,173,201,192,125,165,193,201,166,92,50,135,86,227,74,39,250,151,204,231,67,153,9,245,151,2,141,35,141,128,209,48
215,162,50,18,141,35,117,44,205,233,200,250,160,29,120,157,209,156,38,158,129,39,27,182,170,223,2,67,254,43,83,76,86,185,197,233,75,163,154,234,220,30,116,242,176,189,1,46,7,231,92,134,173,135,165,118,2,17,130,129,58,212,143,23,178,136,93,109,195,253,39,25,99,36,1,89,236,209,80,52,255,2,168,207,227,177,253,111,10,108,11,113,81,136,162,201,135,75,234,8,232,114,64,135,106,124,54,189,154,21,44,95,195,147,206,7,61,102,217
123,50,11,100,149,254,232,212,36,125,31,61,146,218,206,48,48,3,143,126,36,79,55,222,208,217,87,152,155,115,119,22,29,171,186,151,197,20,209,248,149,252,166,37,29,64,17,27,135,121,216,20,41,44,99,181,53,71,177,106,68,18,218,145,246,15,110,163,217,101,103,98,138,71,172,172,141,222,19,118,97,127,70,72,136,227,138,180,143,106,78,229,39,155,220,121,238,250,201,29,244,28,151,187,140,72,114,107,109,237,57,97,167,98,204,31,135,93,98
194,69,138,210,194,72,59,115,155,52,137,219,171,204,74,148,78,155,168,234,40,212,100,194,62,12,85,110,22,200,79,25,103,65,161,81,74,60,192,227,47,250,10,149,159,186,38,3,249,39,5,95,250,191,187,94,56,255,223,153,117,4,5,7,99,70,161,180,123,245,153,100,160,79,59,176,151,167,155,134,166,178,226,95,33,141,253,130,183,89,183,42,155,158,102,42,164,43,55,110,6,64,79,165,195,12,129,36,164,153,118,11,55,102,221,227,64,83,12
195,192,108,139,88,46,74,87,242,147,172,138,39,18,23,251,86,156,190,131,6,201,204,105,132,187,157,84,165,145,67,0,97,219,7,12,163,162,197,183,1,170,213,49,87,238,171,200,98,222,181,91,18,218,45,174,202,125,112,221,104,138,185,146,152,48,243,171,79,112,43,236,25,37,199,87,173,63,34,222,216,68,89,20,155,135,53,245,135,161,3,86,93,175,46,123,215,115,206,199,55,183,101,137,148,203,236,239,252,229,189,71,143,64,115,57,116,30,68
242,26,131,189,50,176,112,22,216,42,108,71,251,35,177,165,214,248,68,155,79,124,157,27,126,58,119,165,12,7,87,77,58,250,186,129,101,129,66,110,43,136,74,216,201,246,44,18,195,34,3,95,91,98,153,222,107,25,154,164,251,9,173,29,120,53,245,183,236,7,106,145,246,236,191,25,83,99,218,191,5,106,233,100,247,40,50,46,59,101,49,103,250,5,5,73,46,80,58,55,151,193,124,216,165,37,142,195,97,117,244,208,227,124,29,242,11,74,169
207,74,33,228,217,107,230,121,8,226,213,124,72,187,29,36,86,210,94,169,24,183,244,123,32,243,95,100,31,96,80,34,124,88,121,86,108,110,227,133,90,178,113,195,118,90,154,17,3,175,254,251,23,163,211,200,24,158,139,112,73,232,251,28,99,148,22,76,240,212,73,58,80,92,155,174,249,12,246,125,58,206,38,243,21,181,99,144,135,235,7,108,232,176,98,223,142,130,248,239,155,35,87,21,165,6,198,67,176,153,138,68,108,232,250,164,12,118,39
232,61,86,122,48,9,192,141,140,7,66,136,161,42,173,138,108,33,24,43,85,255,11,195,52,83,53,63,122,21,106,213,86,41,171,214,178,195,192,112,130,251,46,91,41,182,101,77,97,37,170,211,159,197,99,66,108,236,129,181,50,222,210,49,249,18,91,45,240,253,193,14,84,1,232,129,173,171,170,87,126,65,105,173,235,243,46,69,20,102,43,60,43,33,103,247,138,0,168,212,102,1,198,142,67,211,121,139,242,37,231,88,128,77,77,42,91,134,153
148,190,119,62,149,23,101,162,35,124,62,237,255,226,217,172,113,140,147,136,38,110,228,80,160,97,251,22,209,138,104,40,125,227,51,18,53,178,249,218,102,252,153,74,200,16,217,108,254,98,76,13,188,251,78,92,225,81,223,236,76,103,136,151,159,213,36,105,83,248,182,194,145,151,174,226,202,249,154,227,158,18,75,33,118,164,48,137,51,230,227,22,187,84,191,39,101,7,74,226,37,27,5,26,10,4,58,65,218,144,98,189,121,100,138,252,181,163,168
3,139,117,103,45,232,146,206,77,58,254,39,227,33,63,152,202,246,90,204,207,151,116,4,210,232,97,247,95,153,10,97,222,184,53,103,124,90,172,6,140,136,46,14,94,117,139,76,182,222,245,40,185,9,148,110,114,33,245,174,240,190,138,217,94,202,230,101,160,140,219,65,244,31,4,30,200,14,208,99,81,203,183,4,70,174,19,180,152,70,168,7,127,119,45,2,137,224,249,115,210,8,11,190,172,241,69,54,56,248,16,126,23,38,114,3,249,242,146
232,113,118,153,146,77,131,47,253,33,251,107,234,250,23,235,150,192,123,51,219,46,193,95,115,17,221,69,50,239,125,254,27,183,150,182,50,109,77,249,158,21,96,227,148,205,125,101,28,41,73,74,230,190,133,160,109,6,52,189,223,13,144,215,52,5,195,150,9,244,112,142,81,244,98,154,199,18,155,202,242,226,130,191,50,50,235,248,10,9,126,242,153,189,92,241,142,200,147,208,141,200,185,178,118,150,221,180,215,250,228,205,187,17,251,218,14,187,116
81,112,87,104,91,82,134,113,178,71,216,211,174,86,36,154,254,23,184,195,238,110,102,151,3,203,210,146,134,163,124,206,108,129,191,244,162,208,250,121,47,76,82,51,254,233,1,255,72,189,248,27,71,135,57,15,115,64,157,218,172,155,207,0,80,31,108,112,80,9,228,163,112,243,210,216,224,58,102,76,95,143,161,228,71,179,137,61,146,56,253,15,62,158,216,79,37,191,42,226,66,85,140,65,186,9,197,114,68,219,225,7,12,180,171,130,174,99,182
248,237,93,104,160,188,198,130,56,30,105,39,237,246,95,233,187,207,202,228,4,113,132,57,195,223,105,18,122,21,208,227,237,92,141,14,176,213,22,210,7,170,82,3,185,66,143,62,223,53,206,73,177,137,75,248,134,41,87,106,34,63,105,238,161,125,48,165,76,20,1,252,164,207,199,212,91,203,68,222,209,193,152,239,205,168,46,90,85,151,206,92,71,34,62,169,187,183,194,240,53,29,229,80,135,56,80,27,245,221,222,27,203,46,221,68,2,162,108
148,253,18,48,113,255,113,221,93,51,7,41,68,173,25,75,161,254,112,144,22,212,231,237,253,22,70,45,108,75,29,226,151,0,134,42,170,3,66,50,78,11,64,4,229,188,35,13,127,87,24,128,138,213,36,38,6,162,0,216,143,189,142,235,171,17,36,214,145,36,140,80,115,1,231,166,224,192,135,50,229,239,132,31,216,196,187,200,105,210,127,28,150,168,200,160,38,207,126,44,32,196,0,161,105,226,163,78,142,216,34,114,53,179,193,40,21,157,190
58,186,26,103,204,174,22,22,110,43,102,8,45,213,124,33,83,32,185,173,211,224,19,205,255,195,71,127,189,84,104,3,221,249,175,157,33,56,104,222,135,69,6,101,5,230,16,74,4,95,78,98,77,76,89,71,206,147,140,2,95,106,28,141,163,208,161,187,128,232,206,204,239,184,147,172,174,155,242,223,39,160,178,33,85,131,18,44,8,143,1,60,110,130,244,82,72,215,25,122,148,199,133,101,33,115,222,15,86,176,76,65,20,135,174,167,59,173,19
144,22,233,28,118,233,40,128,161,48,146,215,233,94,101,203,123,221,2,62,143,158,3,181,101,61,111,122,187,156,219,12,65,153,43,37,193,177,169,18,217,197,201,181,12,180,34,103,183,248,182,170,110,40,152,75,158,119,11,54,251,137,125,59,33,213,7,221,38,233,239,71,194,253,187,102,135,11,177,205,214,68,226,74,205,227,225,237,119,18,255,38,125,207,180,103,54,150,35,68,26,228,246,231,117,142,163,5,220,138,77,82,230,92,80,149,52,198,247
121,38,111,156,215,64,9,221,57,144,251,137,140,232,60,246,163,157,86,34,56,180,129,158,250,12,139,158,8,20,134,126,154,146,221,241,54,52,180,153,91,18,239,134,106,56,93,215,165,24,229,117,194,213,186,119,31,30,120,22,48,80,41,127,227,182,64,68,184,22,28,202,128,31,90,239,221,189,149,8,115,73,220,53,116,9,60,251,149,227,93,73,210,199,213,241,159,53,6,254,141,51,230,95,18,147,98,24,163,159,0,192,174,113,47,186,134,13,60
239,61,177,124,146,118,155,153,197,182,109,63,18,60,243,163,145,210,52,32,158,77,151,57,208,205,78,123,59,74,21,180,112,141,29,180,51,144,190,218,41,133,3,73,181,30,204,132,147,36,58,220,178,234,214,21,125,198,7,219,124,184,209,21,123,69,11,36,197,102,118,110,39,127,158,151,155,40,205,47,198,72,33,61,202,225,81,147,66,34,247,30,227,210,97,177,42,161,126,190,194,184,74,180,232,13,104,27,132,69,203,54,167,191,48,190,6,103,78
94,77,81,184,181,77,26,222,211,8,0,240,228,100,48,249,91,217,130,92,199,115,200,153,124,254,11,17,199,12,183,95,12,179,70,213,174,238,151,37,105,252,180,208,88,78,229,86,109,12,16,87,244,80,149,49,227,222,214,7,55,139,119,168,87,250,0,133,137,34,87,68,217,47,63,171,59,193,240,120,227,171,189,63,215,44,21,156,20,247,80,155,162,78,238,138,158,21,26,120,146,163,211,64,74,56,92,106,22,67,33,146,126,56,69,136,208,162,144
154,247,187,215,161,22,214,221,171,145,55,80,195,21,98,146,99,122,247,201,81,63,62,232,142,187,81,228,50,99,103,241,140,168,14,111,82,100,33,108,176,8,242,232,197,160,151,96,111,234,151,96,55,190,178,239,203,215,205,246,178,250,213,172,164,173,219,22,144,169,179,29,185,126,224,175,214,161,211,10,217,152,106,126,156,135,139,144,160,243,60,99,59,175,31,238,218,103,249,161,216,174,32,216,119,250,47,180,182,91,4,173,137,243,29,1,174,24,157
35,22,112,189,42,212,78,21,65,148,47,138,182,234,128,33,224,12,60,152,170,100,116,204,46,160,227,78,247,23,206,71,71,107,95,211,194,10,130,45,33,16,215,101,243,195,109,21,173,174,177,217,179,24,211,168,241,93,38,77,76,200,22,219,68,20,50,249,26,83,63,180,121,210,155,37,200,210,22,100,162,139,246,230,164,36,5,221,255,41,235,85,12,144,179,212,26,100,68,44,92,245,85,162,127,47,213,240,244,102,59,151,98,27,74,26,128,255,99
166,221,40,86,199,110,98,5,217,121,46,205,43,117,239,5,105,28,145,86,121,53,255,158,105,162,205,151,99,94,226,224,81,197,235,20,172,94,104,211,188,0,123,35,103,13,198,149,228,219,232,79,127,196,12,52,159,47,209,8,160,106,228,106,84,141,140,97,122,210,99,180,113,106,30,104,176,217,129,59,59,184,15,62,69,54,136,114,4,95,72,81,72,168,165,204,168,222,202,117,231,120,53,207,1,187,183,243,81,225,213,135,208,165,224,199,58,55,99
